,Ultimo,Apertura,Massimo,Minimo
2015-01-02,19130.26,19156.72,19246.76,18919.65
2015-01-04,19130.26,19130.26,19130.26,19130.26
2015-01-05,18188.44,18961.03,19190.24,18188.44
2015-01-06,18143.26,18298.26,18523.74,18041.32
2015-01-07,18123.45,18226.43,18478.11,17991.76
2015-01-08,18791.83,18393.0,18857.66,18247.95
2015-01-09,18177.09,18684.58,18849.2,18052.81
2015-01-12,18349.15,18310.17,18429.68,18031.76
2015-01-13,18708.93,18251.29,18790.39,18229.34
2015-01-14,18410.68,18451.36,18849.02,18400.66
2015-01-15,18844.52,18646.93,18970.97,18066.31
2015-01-16,19254.54,18763.42,19254.54,18731.5
2015-01-19,19480.53,19255.25,19609.08,19149.35
2015-01-20,19658.66,19545.68,19729.23,19481.78
2015-01-21,19981.41,19724.05,19981.41,19449.93
2015-01-22,20469.74,20021.25,20556.29,20012.41
2015-01-23,20519.75,20594.37,20676.7,20389.24
2015-01-26,20756.72,20348.83,20756.72,20238.95
2015-01-27,20645.82,20714.78,20778.39,20454.82
2015-01-28,20478.44,20759.47,20802.73,20422.92
2015-01-29,20593.72,20413.93,20645.51,20231.29
2015-01-30,20503.38,20679.5,20723.22,20411.02
2015-02-02,20485.69,20596.35,20605.18,20286.43
2015-02-03,21011.55,20626.97,21011.55,20602.55
2015-02-04,20941.73,21005.73,21072.42,20848.98
2015-02-05,20819.05,20731.47,20859.19,20621.43
2015-02-06,20760.74,20824.7,20892.52,20703.95
2015-02-09,20366.64,20534.11,20604.9,20246.54
2015-02-10,20725.63,20417.94,20798.19,20330.09
2015-02-11,20565.76,20785.8,20794.6,20518.44
2015-02-12,21002.91,20543.72,21060.71,20496.59
2015-02-13,21204.07,21106.98,21287.81,21088.43
2015-02-16,21165.84,21145.22,21280.73,21079.37
2015-02-17,21266.25,21070.15,21328.25,20890.41
2015-02-18,21659.33,21495.77,21659.33,21453.38
2015-02-19,21789.98,21620.19,21801.61,21531.91
2015-02-20,21842.57,21628.07,21852.62,21609.64
2015-02-23,21964.29,22040.61,22083.47,21862.77
2015-02-24,22149.75,21969.49,22167.17,21775.59
2015-02-25,21937.24,22109.47,22133.32,21853.07
2015-02-26,22165.13,21934.63,22172.62,21910.34
2015-02-27,22337.79,22175.65,22338.82,22098.43
2015-03-02,22297.6,22381.46,22514.89,22184.06
2015-03-03,21987.18,22365.8,22410.97,21942.47
2015-03-04,22131.08,22087.24,22131.08,21860.52
2015-03-05,22400.08,22230.03,22444.44,22124.02
2015-03-06,22436.13,22449.49,22575.4,22370.82
2015-03-09,22564.35,22345.2,22567.89,22250.32
2015-03-10,22345.77,22594.3,22631.37,22280.21
2015-03-11,22833.04,22409.4,22860.68,22408.78
2015-03-12,22809.01,22828.24,22893.1,22772.87
2015-03-13,22713.59,22907.37,22924.8,22579.89
2015-03-16,22930.92,22784.96,23008.89,22756.57
2015-03-17,22723.06,22961.06,22987.55,22603.55
2015-03-18,22565.19,22790.94,22818.55,22397.86
2015-03-19,22805.17,22656.76,22915.49,22644.88
2015-03-20,23176.68,22904.69,23203.57,22767.55
2015-03-23,23057.12,23177.59,23196.95,23014.12
2015-03-24,23333.2,23022.31,23381.86,22977.9
2015-03-25,23145.1,23256.77,23366.5,23128.58
2015-03-26,22900.27,22993.4,23062.98,22659.62
2015-03-27,22984.23,23022.2,23048.06,22745.48
2015-03-30,23260.57,23015.51,23263.12,23003.69
2015-03-31,23157.12,23232.63,23336.94,23006.22
2015-04-01,23358.99,23092.49,23447.36,23072.13
2015-04-02,23308.53,23407.38,23453.85,23289.91
2015-04-07,23706.34,23502.0,23736.45,23477.02
2015-04-08,23578.7,23709.74,23785.74,23538.81
2015-04-09,23803.9,23653.15,23803.9,23624.07
2015-04-10,23877.25,23878.85,23917.76,23773.2
2015-04-13,24008.91,23907.76,24047.58,23897.24
2015-04-14,23752.91,23974.58,24024.23,23642.91
2015-04-15,24030.54,23804.71,24081.74,23787.77
2015-04-16,23610.81,24035.53,24063.21,23584.53
2015-04-17,23044.08,23577.16,23780.19,23010.93
2015-04-20,23332.98,23090.93,23332.98,23027.14
2015-04-21,23240.26,23433.64,23525.31,22969.6
2015-04-22,23315.4,23321.05,23427.31,23125.01
2015-04-23,23199.43,23332.47,23380.89,22966.31
2015-04-24,23427.35,23356.4,23574.12,23213.14
2015-04-27,23806.27,23449.13,23812.07,23154.64
2015-04-28,23532.09,23793.6,23859.9,23487.13
2015-04-29,22995.63,23653.94,23695.24,22995.63
2015-04-30,23045.52,22963.92,23180.43,22725.83
2015-05-04,23217.17,23082.15,23365.16,22859.79
2015-05-05,22576.35,23144.7,23350.34,22576.35
2015-05-06,22659.85,22609.88,22840.27,22472.5
2015-05-07,22841.92,22514.6,22854.19,22296.58
2015-05-08,23312.43,23032.05,23312.43,22921.32
2015-05-11,23321.86,23312.57,23367.78,23124.27
2015-05-12,23104.87,23181.83,23269.97,22942.36
2015-05-13,23210.97,23170.53,23401.44,23123.49
2015-05-14,23548.59,23207.45,23548.59,23030.75
2015-05-15,23473.46,23615.27,23741.11,23433.29
2015-05-18,23198.1,23217.23,23364.67,23002.36
2015-05-19,23713.26,23350.11,23713.26,23331.35
2015-05-20,23772.61,23668.82,23772.8,23578.14
2015-05-21,23739.69,23719.78,23757.06,23584.52
2015-05-22,23781.78,23701.39,23815.5,23686.3
2015-05-25,23285.11,23623.24,23631.02,23278.09
2015-05-26,23326.95,23328.63,23505.52,23178.67
2015-05-27,23861.07,23443.27,23879.84,23419.71
2015-05-28,23744.13,23761.96,23866.19,23626.7
2015-05-29,23495.68,23789.29,23821.33,23495.68
2015-06-01,23435.67,23582.62,23704.72,23379.45
2015-06-02,23576.16,23520.63,23717.7,23264.64
2015-06-03,23608.83,23589.64,23796.94,23473.44
2015-06-04,23336.5,23480.15,23564.36,23217.09
2015-06-05,22847.34,23104.55,23250.63,22805.03
2015-06-08,22642.29,22858.07,22959.41,22642.29
2015-06-09,22527.46,22621.71,22758.27,22303.96
2015-06-10,23091.49,22508.55,23155.72,22416.36
2015-06-11,23172.34,23017.97,23436.02,23001.82
2015-06-12,22877.81,23157.17,23303.81,22678.54
2015-06-15,22328.03,22595.98,22656.31,22287.89
2015-06-16,22383.48,22191.31,22446.28,21986.65
2015-06-17,22225.06,22408.84,22565.64,22210.93
2015-06-18,22460.02,22224.11,22460.02,21855.05
2015-06-19,22699.37,22412.14,22750.06,22349.68
2015-06-22,23485.95,23115.33,23485.95,22987.33
2015-06-23,23567.25,23607.87,23731.87,23520.57
2015-06-24,23443.07,23636.07,23704.8,23240.56
2015-06-25,23642.62,23280.79,23815.59,23280.79
2015-06-26,23800.47,23517.64,23849.64,23405.14
2015-06-29,22569.95,23337.32,23400.38,22569.95
2015-06-30,22460.71,22456.29,22862.19,22337.79
2015-07-01,22943.64,22623.4,23127.42,22568.26
2015-07-02,22616.5,22961.14,23049.7,22616.5
2015-07-03,22508.13,22611.14,22709.01,22332.75
2015-07-06,21600.72,21874.02,22065.93,21600.72
2015-07-07,20958.48,21732.67,21858.91,20958.48
2015-07-08,21512.39,21038.03,21557.39,20937.34
2015-07-09,22268.51,21570.81,22337.12,21519.28
2015-07-10,22937.4,22626.33,22948.77,22554.77
2015-07-13,23167.04,23099.65,23340.11,22870.66
2015-07-14,23097.51,23126.81,23140.1,22886.25
2015-07-15,23392.75,23140.94,23392.75,23113.22
2015-07-16,23783.14,23516.66,23784.54,23484.83
2015-07-17,23765.41,23852.24,23875.64,23690.76
2015-07-20,24031.19,23798.84,24157.39,23797.8
2015-07-21,23712.9,24071.63,24121.03,23699.94
2015-07-22,23681.11,23585.94,23802.6,23536.15
2015-07-23,23633.05,23824.72,23885.52,23610.43
2015-07-24,23507.7,23599.78,23813.85,23491.59
2015-07-27,22809.3,23387.02,23396.65,22809.3
2015-07-28,23328.02,22979.54,23328.02,22951.01
2015-07-29,23248.9,23424.86,23469.4,23035.24
2015-07-30,23396.09,23380.85,23479.83,23191.18
2015-07-31,23538.03,23459.38,23538.03,23293.35
2015-08-03,23714.38,23553.15,23748.68,23478.05
2015-08-04,23473.25,23657.52,23662.05,23341.76
2015-08-05,23911.81,23579.64,23917.64,23555.21
2015-08-06,23811.09,23852.49,23970.56,23804.98
2015-08-07,23705.0,23807.22,23866.98,23705.0
2015-08-10,23966.44,23705.0,23992.48,23659.78
2015-08-11,23698.49,23916.25,23979.61,23698.49
2015-08-12,22997.55,23530.52,23533.01,22923.11
2015-08-13,23356.01,23347.39,23545.82,23255.67
2015-08-14,23248.52,23371.35,23524.73,23175.01
2015-08-17,23407.99,23367.64,23465.37,23103.65
2015-08-18,23389.72,23334.75,23495.41,23259.17
2015-08-19,22975.32,23209.96,23338.8,22975.32
2015-08-20,22378.65,22836.57,23011.01,22352.15
2015-08-21,21746.17,22002.39,22379.62,21746.17
2015-08-24,20450.43,20992.9,21349.59,20158.22
2015-08-25,21649.69,20864.96,21664.32,20632.97
2015-08-26,21473.81,21323.81,21801.61,21151.43
2015-08-27,22201.24,21943.04,22263.44,21768.24
2015-08-28,21993.74,22248.57,22276.16,21846.12
2015-08-31,21941.92,22003.46,22112.24,21775.98
2015-09-01,21451.37,21734.67,21854.59,21343.88
2015-09-02,21612.0,21566.39,21827.59,21429.98
2015-09-03,22177.37,21743.95,22291.71,21690.2
2015-09-04,21472.68,21920.62,21955.09,21424.04
2015-09-07,21622.34,21680.44,21754.59,21501.54
2015-09-08,21941.31,21718.97,22124.99,21710.72
2015-09-09,22126.57,22397.93,22448.77,22126.57
2015-09-10,21901.45,21944.66,22121.02,21806.95
2015-09-11,21762.63,22049.88,22063.76,21706.73
2015-09-14,21553.8,21815.55,21860.37,21497.11
2015-09-15,21903.63,21584.05,21992.67,21434.66
2015-09-16,22059.21,22085.15,22180.98,21907.83
2015-09-17,22099.53,22110.78,22129.89,21974.52
2015-09-18,21514.9,22004.13,22004.13,21504.45
2015-09-21,21755.42,21473.98,21803.13,21460.65
2015-09-22,21031.8,21705.85,21705.85,21017.08
2015-09-23,21068.88,21124.08,21408.6,20947.14
2015-09-24,20581.83,21055.59,21215.58,20544.96
2015-09-25,21339.11,20963.21,21400.25,20914.55
2015-09-28,20759.49,21196.75,21300.51,20759.49
2015-09-29,20726.75,20514.58,20905.12,20476.48
2015-09-30,21294.98,21039.6,21320.6,20971.28
2015-10-01,21142.86,21502.67,21551.3,21101.46
2015-10-02,21395.29,21368.53,21547.94,21052.48
2015-10-05,21980.08,21736.12,22026.56,21623.22
2015-10-06,22182.65,21945.48,22182.65,21802.13
2015-10-07,22007.34,22218.34,22343.41,22007.34
2015-10-08,22156.74,22045.42,22195.14,21984.89
2015-10-09,22257.89,22372.21,22423.55,22204.71
2015-10-12,22091.27,22263.56,22346.13,22002.98
2015-10-13,22048.49,22011.69,22179.72,21747.19
2015-10-14,21838.2,21912.69,22035.18,21797.6
2015-10-15,22217.69,22022.14,22233.92,21967.73
2015-10-16,22337.66,22358.64,22416.35,22225.73
2015-10-19,22419.68,22344.5,22532.75,22299.23
2015-10-20,22270.11,22466.4,22536.84,22119.76
2015-10-21,22172.64,22343.68,22388.15,22097.39
2015-10-22,22616.9,22124.06,22616.9,22103.13
2015-10-23,22736.86,22717.17,22874.96,22637.87
2015-10-26,22629.64,22713.99,22740.84,22548.68
2015-10-27,22369.92,22572.8,22731.2,22369.92
2015-10-28,22686.24,22489.23,22697.27,22456.18
2015-10-29,22442.69,22702.16,22712.6,22209.45
2015-10-30,22442.51,22539.67,22584.25,22336.98
2015-11-02,22482.39,22341.59,22622.53,22263.5
2015-11-03,22459.45,22517.39,22636.24,22165.92
2015-11-04,22312.63,22557.93,22660.64,22303.07
2015-11-05,22223.7,22320.41,22442.87,22132.7
2015-11-06,22529.94,22220.34,22529.94,22166.83
2015-11-09,22107.3,22509.21,22570.52,22107.3
2015-11-10,22444.0,22254.23,22444.0,22125.52
2015-11-11,22385.11,22463.41,22658.94,22316.83
2015-11-12,21859.29,22345.46,22367.15,21810.67
2015-11-13,21842.56,21819.12,21986.75,21655.21
2015-11-16,21811.36,21606.99,21924.72,21572.63
2015-11-17,22309.39,22015.87,22309.39,21974.44
2015-11-18,22091.56,22197.26,22205.0,22054.51
2015-11-19,22191.99,22249.49,22321.42,22095.52
2015-11-20,22140.14,22222.2,22246.61,21946.45
2015-11-23,22294.69,22078.1,22390.39,21995.27
2015-11-24,21948.14,22194.41,22229.12,21840.84
2015-11-25,22359.23,22025.79,22400.4,21944.09
2015-11-26,22591.53,22354.48,22597.95,22339.31
2015-11-27,22575.18,22482.88,22707.68,22432.56
2015-11-30,22717.98,22525.64,22773.09,22505.79
2015-12-01,22581.33,22795.45,22844.38,22581.33
2015-12-02,22551.91,22676.41,22730.25,22515.11
2015-12-03,21995.71,22553.23,22843.81,21995.71
2015-12-04,22021.36,21918.49,22111.24,21832.26
2015-12-07,22037.17,22108.93,22218.82,21954.49
2015-12-08,21538.04,21991.7,21998.36,21443.61
2015-12-09,21500.88,21625.47,21701.02,21355.14
2015-12-10,21409.63,21402.77,21616.69,21325.0
2015-12-11,21015.29,21351.26,21386.23,20924.07
2015-12-14,20506.56,21062.45,21186.99,20506.56
2015-12-15,21272.68,20670.49,21272.68,20659.46
2015-12-16,21210.23,21267.2,21373.88,21095.44
2015-12-17,21523.1,21557.11,21730.23,21480.07
2015-12-18,21241.93,21309.84,21479.13,21208.81
2015-12-21,21099.32,21263.71,21431.69,21099.32
2015-12-22,21060.13,21202.8,21282.69,20968.12
2015-12-23,21456.36,21230.04,21462.87,21185.36
2015-12-28,21369.15,21454.82,21505.36,21326.28
2015-12-29,21661.33,21485.08,21705.71,21481.2
2015-12-30,21418.37,21595.33,21659.49,21418.37
2016-01-04,20733.81,21186.13,21194.17,20701.57
2016-01-05,20983.24,20938.1,20983.24,20722.19
2016-01-06,20422.39,20922.29,20930.61,20373.19
2016-01-07,20189.48,19781.23,20288.68,19631.81
2016-01-08,19869.49,20189.16,20350.12,19869.49
2016-01-11,19756.14,19812.8,20110.26,19756.14
2016-01-12,19970.1,19787.37,20143.69,19713.25
2016-01-13,20139.87,20111.4,20383.42,20033.66
2016-01-14,19803.41,19879.17,19995.29,19576.09
2016-01-15,19195.94,19694.71,19770.54,19117.56
2016-01-18,18686.86,19198.08,19360.6,18637.6
2016-01-19,18880.52,19059.28,19168.01,18547.46
2016-01-20,17967.91,18396.19,18475.84,17868.57
2016-01-21,18723.22,18052.47,18750.18,17836.03
2016-01-22,19028.42,19074.14,19305.32,18890.89
2016-01-25,18641.47,19148.56,19150.02,18597.68
2016-01-26,18923.83,18360.97,18960.86,18256.41
2016-01-27,18848.03,18983.73,19008.76,18570.65
2016-01-28,18189.95,18758.24,18942.96,18055.43
2016-01-29,18657.29,18496.82,18657.29,18325.21
2016-02-01,18485.95,18689.45,18792.14,18285.83
2016-02-02,17922.45,18484.83,18495.74,17866.96
2016-02-03,17412.04,17944.26,17998.05,17141.42
2016-02-04,17626.04,17705.71,17761.48,17173.1
2016-02-05,17250.26,17557.31,17834.54,17231.91
2016-02-08,16441.2,17458.2,17467.2,16387.88
2016-02-09,15913.12,16528.82,16604.33,15848.63
2016-02-10,16714.14,16097.93,16816.96,15918.58
2016-02-11,15773.0,16477.7,16477.7,15773.0
2016-02-12,16514.87,16109.56,16514.87,15840.91
2016-02-15,17041.82,16794.91,17225.58,16777.26
2016-02-16,16957.84,17182.16,17187.41,16713.51
2016-02-17,17377.89,16984.78,17385.72,16933.19
2016-02-18,17112.36,17486.5,17623.73,17068.51
2016-02-19,16909.56,17024.76,17219.77,16703.7
2016-02-22,17504.58,17127.65,17504.58,17127.43
2016-02-23,17163.46,17340.23,17631.37,17163.46
2016-02-24,16719.36,17157.73,17230.71,16587.67
2016-02-25,17104.54,16939.52,17197.86,16877.32
2016-02-26,17483.76,17299.03,17549.76,17253.34
2016-02-29,17623.07,17341.74,17642.88,17220.78
2016-03-01,18011.91,17557.23,18011.91,17533.75
2016-03-02,18206.41,18143.22,18223.46,18012.33
2016-03-03,18348.5,18217.98,18352.63,18129.14
2016-03-04,18278.98,18415.36,18449.24,18061.27
2016-03-07,18059.27,18195.6,18252.76,17847.14
2016-03-08,18017.56,17906.02,18216.75,17729.09
2016-03-09,18208.92,17982.37,18369.22,17982.37
2016-03-10,18118.23,18229.24,19012.19,18113.72
2016-03-11,18987.75,18488.82,18993.71,18470.92
2016-03-14,18981.77,19125.11,19216.53,18846.96
2016-03-15,18765.37,18891.72,18960.14,18678.52
2016-03-16,18731.75,18820.79,18943.18,18609.66
2016-03-17,18608.03,18921.43,18926.79,18344.17
2016-03-18,18611.34,18704.37,18769.7,18468.17
2016-03-21,18696.93,18556.34,18879.95,18481.59
2016-03-22,18698.82,18555.03,18698.82,18286.08
2016-03-23,18462.88,18758.49,18828.24,18401.93
2016-03-24,18165.84,18399.42,18468.78,18140.18
2016-03-29,18171.86,18251.52,18468.02,18031.48
2016-03-30,18375.32,18256.53,18496.63,18256.09
2016-03-31,18116.88,18235.35,18300.29,17971.67
2016-04-01,17776.84,17854.7,18084.41,17737.84
2016-04-04,17639.26,17700.02,17934.1,17574.87
2016-04-05,17109.3,17389.94,17460.36,17104.12
2016-04-06,17240.91,17214.34,17391.84,17035.79
2016-04-07,16818.25,17273.63,17322.19,16777.87
2016-04-08,17504.62,16960.89,17509.23,16956.49
2016-04-11,17722.66,17452.91,17855.76,17323.54
2016-04-12,17444.8,17741.86,17860.93,17231.73
2016-04-13,18165.59,17713.81,18165.59,17696.18
2016-04-14,18329.09,18206.45,18329.09,17985.38
2016-04-15,18257.35,18282.37,18322.12,18161.17
2016-04-18,18358.25,17939.06,18411.68,17903.64
2016-04-19,18447.98,18427.09,18637.33,18344.62
2016-04-20,18658.36,18363.0,18677.47,18265.95
2016-04-21,18732.96,18686.66,18741.72,18531.65
2016-04-22,18687.04,18739.47,18778.97,18559.57
2016-04-25,18403.23,18680.87,18744.15,18332.6
2016-04-26,18670.41,18519.77,18763.62,18481.57
2016-04-27,18750.62,18708.2,18779.56,18595.05
2016-04-28,18976.71,18649.65,19023.48,18540.11
2016-04-29,18600.56,18800.83,19062.81,18600.56
2016-05-02,18420.22,18689.47,18689.47,18271.38
2016-05-03,17966.81,18401.32,18412.05,17889.22
2016-05-04,17935.67,17985.51,18130.68,17909.62
2016-05-05,17923.9,18022.13,18215.25,17846.36
2016-05-06,17842.8,17895.28,17989.76,17592.13
2016-05-09,17685.8,17968.32,17973.2,17652.72
2016-05-10,17934.72,17818.51,18067.84,17742.1
2016-05-11,17698.08,17914.73,17946.39,17509.6
2016-05-12,17651.36,17627.21,17912.62,17555.54
2016-05-13,17729.45,17562.64,17856.96,17434.14
2016-05-16,17737.02,17652.6,17778.81,17534.75
2016-05-17,17498.88,17816.41,18014.22,17373.08
2016-05-18,17713.62,17417.28,17725.03,17370.49
2016-05-19,17545.56,17611.25,17810.33,17498.18
2016-05-20,17812.35,17674.44,17878.19,17668.13
2016-05-23,17325.08,17521.97,17624.77,17272.18
2016-05-24,17903.97,17273.81,17927.66,17247.62
2016-05-25,18201.39,18008.97,18216.83,17975.54
2016-05-26,18216.92,18118.17,18242.97,18071.81
2016-05-27,18186.14,18152.97,18216.12,18088.07
2016-05-30,18291.38,18220.49,18321.4,18197.66
2016-05-31,18025.25,18281.66,18326.52,18002.54
2016-06-01,17810.85,18050.36,18055.64,17745.61
2016-06-02,17767.3,17836.18,18009.52,17740.88
2016-06-03,17495.09,17863.98,17867.08,17431.37
2016-06-06,17625.0,17450.89,17636.65,17400.4
2016-06-07,17975.49,17689.66,17991.02,17688.58
2016-06-08,17909.7,17912.53,18000.5,17799.45
2016-06-09,17763.88,17890.09,17892.93,17653.52
2016-06-10,17120.16,17693.81,17705.68,17106.25
2016-06-13,16621.87,16848.69,16933.26,16593.08
2016-06-14,16271.35,16460.92,16673.64,16231.46
2016-06-15,16513.97,16461.11,16615.69,16414.11
2016-06-16,16351.9,16262.33,16383.41,16088.15
2016-06-17,16923.29,16471.47,16963.45,16471.47
2016-06-20,17353.45,17197.68,17423.43,17196.97
2016-06-21,17431.17,17320.75,17544.47,17252.37
2016-06-22,17323.27,17487.91,17515.07,17267.42
2016-06-23,17966.17,17404.31,17966.17,17293.92
2016-06-24,15723.81,17946.23,17946.23,15723.81
2016-06-27,15103.58,15743.11,15907.54,15017.42
2016-06-28,15601.62,15288.39,15799.21,15286.86
2016-06-29,15946.93,15854.72,16019.31,15754.04
2016-06-30,16197.78,15894.78,16250.33,15629.01
2016-07-01,16295.78,16384.72,16446.17,16013.33
2016-07-04,16012.31,16352.27,16352.29,15995.1
2016-07-05,15780.16,15915.81,16065.53,15751.29
2016-07-06,15423.79,15667.42,15776.76,15293.1
2016-07-07,15436.16,15565.56,15710.05,15391.02
2016-07-08,16066.38,15370.09,16087.67,15356.04
2016-07-11,16260.64,16177.2,16263.74,15906.76
2016-07-12,16721.0,16277.59,16767.83,16262.84
2016-07-13,16527.89,16699.99,16820.41,16508.05
2016-07-14,16797.52,16695.0,16857.59,16595.05
2016-07-15,16748.59,16684.2,16871.96,16600.65
2016-07-18,16762.73,16763.61,16964.18,16602.02
2016-07-19,16673.77,16723.0,16843.21,16444.82
2016-07-20,16763.82,16761.49,16826.99,16626.9
2016-07-21,16805.4,16796.13,16884.52,16651.64
2016-07-22,16778.67,16716.59,16885.7,16689.79
2016-07-25,16692.17,16774.37,16882.24,16645.31
2016-07-26,16697.01,16673.14,16753.54,16383.19
2016-07-27,16863.01,16735.75,16996.21,16722.77
2016-07-28,16522.64,16871.88,16871.88,16522.64
2016-07-29,16846.86,16595.02,16916.54,16555.45
2016-08-01,16554.83,16971.27,17122.82,16554.83
2016-08-02,16098.37,16530.12,16553.32,16052.69
2016-08-03,16129.84,16136.59,16242.12,15978.08
2016-08-04,16236.41,16214.32,16327.64,16145.67
2016-08-05,16626.28,16282.37,16626.28,16272.31
2016-08-08,16743.82,16701.9,16806.76,16667.21
2016-08-09,16796.14,16741.47,16850.13,16701.05
2016-08-10,16791.55,16689.33,16885.91,16675.75
2016-08-11,16969.69,16850.81,16969.69,16706.58
2016-08-12,16997.83,16967.75,17047.74,16945.66
2016-08-16,16792.96,16926.45,17053.42,16782.74
2016-08-17,16528.36,16845.74,16850.13,16528.36
2016-08-18,16673.58,16646.78,16698.13,16517.36
2016-08-19,16310.06,16621.82,16646.92,16215.38
2016-08-22,16369.14,16296.85,16530.98,16257.0
2016-08-23,16778.05,16434.01,16789.02,16434.01
2016-08-24,16891.63,16685.51,16949.24,16628.56
2016-08-25,16710.78,16824.51,16879.75,16681.99
2016-08-26,16843.99,16745.5,16864.64,16574.38
2016-08-29,16655.22,16775.11,16856.11,16540.79
2016-08-30,16891.42,16722.48,16940.8,16718.8
2016-08-31,16943.38,16877.34,17039.39,16837.59
2016-09-01,16923.28,16989.99,17253.2,16852.84
2016-09-02,17183.9,17007.44,17186.83,16882.82
2016-09-05,17190.44,17232.42,17333.79,17157.49
2016-09-06,17052.57,17250.85,17261.63,17051.48
2016-09-07,17292.84,17148.35,17323.85,16991.68
2016-09-08,17375.73,17297.09,17397.53,17118.82
2016-09-09,17156.48,17337.38,17391.85,17122.44
2016-09-12,16840.28,16875.93,16903.24,16667.2
2016-09-13,16547.75,16935.98,16965.18,16547.75
2016-09-14,16539.9,16637.79,16690.44,16476.96
2016-09-15,16595.43,16509.43,16617.71,16384.93
2016-09-16,16192.16,16515.5,16547.76,16180.7
2016-09-19,16399.26,16261.4,16489.77,16259.91
2016-09-20,16207.1,16401.01,16430.14,16207.1
2016-09-21,16349.82,16391.68,16503.8,16332.6
2016-09-22,16637.69,16494.66,16730.84,16492.46
2016-09-23,16452.84,16617.47,16625.12,16409.77
2016-09-26,16192.48,16329.24,16330.18,16091.54
2016-09-27,16134.71,16326.08,16332.27,15995.01
2016-09-28,16222.21,16182.57,16378.64,16176.38
2016-09-29,16338.78,16461.52,16506.86,16253.77
2016-09-30,16401.0,16046.71,16446.78,15922.35
2016-10-03,16273.95,16368.4,16470.09,16210.37
2016-10-04,16308.02,16295.18,16380.36,16226.93
2016-10-05,16476.58,16195.81,16494.98,16133.96
2016-10-06,16491.62,16518.5,16602.19,16398.14
2016-10-07,16405.27,16512.46,16570.3,16357.87
2016-10-10,16632.45,16368.86,16641.77,16253.24
2016-10-11,16474.06,16571.67,16661.9,16474.06
2016-10-12,16470.28,16467.43,16575.07,16419.0
2016-10-13,16269.26,16364.06,16367.4,16194.86
2016-10-14,16591.37,16281.76,16636.0,16274.06
2016-10-17,16630.34,16565.52,16695.9,16535.89
2016-10-18,16966.61,16725.93,16966.61,16724.33
2016-10-19,17044.34,16970.98,17073.45,16886.89
2016-10-20,17141.38,17070.67,17148.8,16937.08
2016-10-21,17166.76,17184.05,17188.2,17086.5
2016-10-24,17305.77,17209.58,17385.95,17208.76
2016-10-25,17230.03,17292.5,17426.49,17183.93
2016-10-26,17280.74,17211.16,17311.92,17129.27
2016-10-27,17426.46,17309.27,17426.46,17256.68
2016-10-28,17324.23,17329.27,17375.43,17202.47
2016-10-31,17125.05,17252.01,17268.43,17073.54
2016-11-01,16898.28,17216.77,17256.67,16883.72
2016-11-02,16474.52,16818.15,16818.15,16474.52
2016-11-03,16419.9,16423.3,16612.75,16370.57
2016-11-04,16318.6,16407.32,16408.26,16203.42
2016-11-07,16736.75,16591.18,16736.75,16555.63
2016-11-08,16817.41,16746.51,16817.41,16658.55
2016-11-09,16799.85,16413.91,16799.85,16224.71
2016-11-10,16804.88,16939.57,17164.33,16707.16
2016-11-11,16812.37,16940.4,16972.83,16720.89
2016-11-14,16686.33,16962.63,17085.93,16607.57
2016-11-15,16682.37,16748.63,16763.78,16545.87
2016-11-16,16559.84,16733.96,16803.02,16436.72
2016-11-17,16555.31,16516.92,16604.75,16348.82
2016-11-18,16265.9,16578.69,16580.97,16221.93
2016-11-21,16297.26,16279.36,16351.66,16039.59
2016-11-22,16519.89,16426.95,16620.44,16426.95
2016-11-23,16532.26,16563.51,16587.95,16265.36
2016-11-24,16500.73,16593.07,16677.06,16436.57
2016-11-25,16515.11,16484.52,16542.16,16402.18
2016-11-28,16216.95,16419.35,16422.91,16156.88
2016-11-29,16561.86,16197.78,16561.86,16170.5
2016-11-30,16930.41,16582.72,16972.62,16557.59
2016-12-01,17098.33,16904.18,17126.6,16803.94
2016-12-02,17086.85,16992.48,17130.89,16895.97
2016-12-05,17050.21,16795.23,17359.38,16723.18
2016-12-06,17757.8,17078.18,17757.8,17042.35
2016-12-07,18130.66,17951.6,18130.66,17859.55
2016-12-08,18427.86,18163.82,18488.0,18131.82
2016-12-09,18292.65,18457.3,18473.17,18167.37
2016-12-12,18370.32,18405.94,18568.07,18324.43
2016-12-13,18827.61,18291.2,18827.61,18238.44
2016-12-14,18606.32,18772.1,18969.79,18606.32
2016-12-15,18994.79,18643.88,18994.79,18643.88
2016-12-16,19014.75,19071.41,19112.58,18935.35
2016-12-19,18968.94,18967.05,19084.25,18907.13
2016-12-20,19247.24,18973.68,19247.24,18938.07
2016-12-21,19215.59,19208.32,19293.73,19080.08
2016-12-22,19121.26,19201.14,19346.24,19054.07
2016-12-23,19345.02,19188.06,19345.02,19174.62
2016-12-27,19390.83,19324.83,19406.3,19314.53
2016-12-28,19239.39,19398.31,19419.01,19233.4
2016-12-29,19203.94,19161.87,19284.57,19141.39
2016-12-30,19234.58,19199.04,19302.2,19134.76
2017-01-02,19566.53,19207.77,19579.3,19201.18
2017-01-03,19573.48,19667.37,19810.77,19563.82
2017-01-04,19626.64,19669.14,19734.5,19504.36
2017-01-05,19642.81,19598.57,19733.48,19561.91
2017-01-06,19687.71,19690.18,19714.95,19516.95
2017-01-09,19360.02,19745.02,19784.6,19289.4
2017-01-10,19424.19,19418.11,19464.96,19264.01
2017-01-11,19486.88,19430.34,19583.64,19210.26
2017-01-12,19156.59,19412.47,19482.54,19092.04
2017-01-13,19514.54,19285.57,19556.76,19271.56
2017-01-16,19247.25,19298.97,19429.5,19234.7
2017-01-17,19296.16,19209.46,19366.73,19189.06
2017-01-18,19358.1,19341.61,19358.62,19202.07
2017-01-19,19490.96,19384.5,19559.13,19243.82
2017-01-20,19479.46,19550.49,19604.0,19427.91
2017-01-23,19328.41,19323.3,19506.75,19263.64
2017-01-24,19499.54,19364.92,19601.01,19364.92
2017-01-25,19582.23,19632.64,19746.97,19518.05
2017-01-26,19439.65,19716.93,19785.04,19407.51
2017-01-27,19329.26,19478.45,19478.45,19243.32
2017-01-30,18759.4,19147.87,19247.4,18749.83
2017-01-31,18590.73,18790.89,18982.11,18523.66
2017-02-01,18740.65,18731.89,18828.35,18650.41
2017-02-02,18889.19,18722.6,19053.46,18699.09
2017-02-03,19116.04,18938.05,19169.89,18886.69
2017-02-06,18693.65,19159.83,19167.81,18693.65
2017-02-07,18662.61,18662.47,18797.64,18613.87
2017-02-08,18771.78,18734.26,18771.78,18424.31
2017-02-09,18947.44,18845.67,18992.59,18650.0
2017-02-10,18862.11,19014.23,19018.3,18762.11
2017-02-13,19064.64,18894.99,19115.24,18884.67
2017-02-14,19187.67,19064.07,19193.11,18962.83
2017-02-15,19056.16,19258.04,19359.56,19056.16
2017-02-16,19087.54,19088.77,19156.65,18939.65
2017-02-17,19006.46,19110.83,19170.12,18821.88
2017-02-20,18978.65,19094.66,19154.05,18923.66
2017-02-21,19043.58,19005.11,19187.3,18830.97
2017-02-22,18884.9,19113.21,19147.66,18788.32
2017-02-23,18819.49,18930.63,18997.72,18811.87
2017-02-24,18596.66,18793.77,18855.12,18535.54
2017-02-27,18914.3,18590.44,18923.82,18581.77
2017-02-28,18913.28,18972.91,19003.26,18889.61
2017-03-01,19364.39,19067.87,19411.45,19028.49
2017-03-02,19440.62,19383.71,19505.64,19307.02
2017-03-03,19664.45,19361.75,19676.06,19348.09
2017-03-06,19449.85,19564.51,19646.25,19407.95
2017-03-07,19455.05,19490.66,19511.05,19346.7
2017-03-08,19482.39,19429.98,19573.61,19399.82
2017-03-09,19571.24,19419.42,19636.43,19336.17
2017-03-10,19658.37,19642.5,19810.03,19605.58
2017-03-13,19706.95,19696.87,19721.07,19548.08
2017-03-14,19537.4,19708.48,19725.66,19479.34
2017-03-15,19774.02,19560.65,19774.02,19539.36
2017-03-16,20109.76,19998.74,20173.73,19970.23
2017-03-17,20074.28,20112.87,20132.67,20006.15
2017-03-20,19968.55,19993.79,20117.68,19955.43
2017-03-21,19918.84,20030.39,20253.65,19878.37
2017-03-22,19953.44,19747.16,19991.61,19687.36
2017-03-23,20167.49,20011.44,20167.49,19937.14
2017-03-24,20188.02,20184.21,20209.18,20079.75
2017-03-27,20124.19,20026.59,20124.19,19930.62
2017-03-28,20330.42,20201.02,20330.42,20144.2
2017-03-29,20276.8,20371.98,20388.87,20181.71
2017-03-30,20367.75,20277.36,20367.75,20217.75
2017-03-31,20492.94,20329.99,20495.62,20306.09
2017-04-03,20242.88,20510.37,20540.39,20242.88
2017-04-04,20257.1,20212.98,20287.1,20094.79
2017-04-05,20253.37,20244.1,20401.93,20215.47
2017-04-06,20296.97,20121.5,20339.81,20025.62
2017-04-07,20300.06,20271.06,20335.29,20213.77
2017-04-10,20202.05,20318.16,20322.04,20141.85
2017-04-11,20109.06,20104.8,20199.26,19976.47
2017-04-12,20004.93,20153.35,20285.87,19980.64
2017-04-13,19773.68,19918.39,19944.07,19764.41
2017-04-18,19442.71,19811.03,19844.53,19442.71
2017-04-19,19824.61,19492.45,19824.61,19492.45
2017-04-20,19849.44,19720.59,19925.77,19709.47
2017-04-21,19741.75,19861.81,19931.59,19676.61
2017-04-24,20684.41,20197.87,20684.41,20177.6
2017-04-25,20805.52,20717.54,20883.66,20598.93
2017-04-26,20836.51,20751.12,20836.51,20643.32
2017-04-27,20597.34,20753.4,20786.3,20597.34
2017-04-28,20609.16,20590.93,20708.43,20581.11
2017-05-02,20733.25,20697.77,20779.56,20629.9
2017-05-03,20759.31,20712.54,20764.14,20619.68
2017-05-04,21169.92,20818.69,21198.12,20794.13
2017-05-05,21483.86,21166.11,21498.07,21067.95
2017-05-08,21428.1,21623.69,21623.69,21315.54
2017-05-09,21486.95,21485.0,21664.14,21466.49
2017-05-10,21552.81,21493.46,21566.68,21356.6
2017-05-11,21482.52,21658.1,21696.78,21331.72
2017-05-12,21575.45,21536.97,21639.5,21485.89
2017-05-15,21704.46,21623.06,21724.48,21559.86
2017-05-16,21787.9,21685.29,21828.77,21645.87
2017-05-17,21283.72,21617.93,21703.29,21214.22
2017-05-18,21299.26,21236.42,21315.89,20808.34
2017-05-19,21567.52,21399.71,21572.72,21339.67
2017-05-22,21318.58,21338.3,21404.12,21242.75
2017-05-23,21415.74,21294.65,21477.78,21290.65
2017-05-24,21369.73,21373.24,21424.83,21289.91
2017-05-25,21291.72,21433.58,21448.42,21180.06
2017-05-26,21210.57,21206.44,21245.73,21001.29
2017-05-29,20783.82,21169.28,21169.28,20742.74
2017-05-30,20814.48,20660.82,20832.18,20572.22
2017-05-31,20731.68,20852.62,20937.49,20694.45
2017-06-01,20936.07,20781.43,21007.78,20732.27
2017-06-02,20928.24,21035.63,21156.26,20862.98
2017-06-05,20721.04,20901.18,20950.43,20712.38
2017-06-06,20760.01,20618.37,20777.87,20577.6
2017-06-07,20739.91,20743.54,20966.87,20650.51
2017-06-08,21042.41,20746.85,21093.53,20662.28
2017-06-09,21122.42,21045.19,21271.49,20948.38
2017-06-12,20910.23,21077.46,21161.34,20910.23
2017-06-13,21088.78,20988.55,21168.72,20949.07
2017-06-14,20960.55,21095.34,21198.48,20960.55
2017-06-15,20847.51,20928.53,20937.01,20731.58
2017-06-16,20940.73,20999.93,21041.89,20801.81
2017-06-19,21014.25,20989.24,21114.91,20901.94
2017-06-20,20810.02,21069.71,21088.41,20810.02
2017-06-21,21071.91,20769.17,21093.27,20587.12
2017-06-22,20930.26,20978.64,20978.64,20842.78
2017-06-23,20833.88,20934.6,21009.44,20744.23
2017-06-26,21001.95,20989.61,21174.18,20951.94
2017-06-27,20790.86,20966.5,21047.43,20781.68
2017-06-28,21047.8,20705.73,21048.23,20613.73
2017-06-29,20704.65,21148.34,21155.29,20674.17
2017-06-30,20584.23,20752.48,20838.06,20537.35
2017-07-03,21013.14,20710.89,21021.56,20703.95
2017-07-04,21031.05,20961.93,21085.38,20925.95
2017-07-05,20939.39,20988.34,21084.03,20881.45
2017-07-06,21084.19,20951.26,21084.19,20854.41
2017-07-07,21015.1,21061.83,21081.68,20922.27
2017-07-10,21190.67,21140.15,21210.93,21086.67
2017-07-11,21111.7,21217.22,21302.58,21078.17
2017-07-12,21432.55,21193.49,21459.96,21187.8
2017-07-13,21521.91,21448.84,21530.05,21394.55
2017-07-14,21492.29,21523.59,21561.48,21392.76
2017-07-17,21484.84,21504.72,21571.43,21449.18
2017-07-18,21358.2,21419.29,21538.99,21293.03
2017-07-19,21478.95,21403.97,21478.95,21333.68
2017-07-20,21438.63,21526.92,21592.82,21403.32
2017-07-21,21202.16,21426.78,21469.14,21149.58
2017-07-24,21326.58,21190.86,21364.94,21149.29
2017-07-25,21457.45,21348.75,21569.35,21348.75
2017-07-26,21577.56,21497.18,21577.56,21452.64
2017-07-27,21634.72,21536.4,21690.61,21512.86
2017-07-28,21430.36,21561.96,21572.5,21383.98
2017-07-31,21486.91,21441.65,21588.34,21441.53
2017-08-01,21612.81,21543.1,21612.81,21471.09
2017-08-02,21573.61,21636.7,21659.42,21507.06
2017-08-03,21793.72,21626.59,21793.72,21525.12
2017-08-04,21935.79,21774.41,21961.74,21722.4
2017-08-07,22031.17,21978.01,22035.54,21942.47
2017-08-08,22048.3,22002.15,22065.42,21947.02
2017-08-09,21848.37,21925.64,21958.39,21745.72
2017-08-10,21681.61,21836.58,21867.29,21647.07
2017-08-11,21354.02,21558.29,21569.98,21329.21
2017-08-14,21722.11,21476.37,21778.61,21467.53
2017-08-16,21984.85,21814.4,22012.63,21810.72
2017-08-17,21788.86,21928.02,22028.02,21788.86
2017-08-18,21814.96,21582.59,21814.96,21565.97
2017-08-21,21752.8,21755.75,21842.92,21636.91
2017-08-22,21729.48,21857.69,21905.5,21616.89
2017-08-23,21620.28,21740.0,21844.35,21541.21
2017-08-24,21729.87,21703.9,21896.47,21679.99
2017-08-25,21746.5,21743.86,21852.28,21691.41
2017-08-28,21726.21,21688.23,21805.47,21622.74
2017-08-29,21408.62,21612.12,21616.18,21335.23
2017-08-30,21503.46,21538.43,21560.7,21405.91
2017-08-31,21670.02,21587.54,21767.5,21542.96
2017-09-01,21858.56,21743.06,21885.84,21732.58
2017-09-04,21790.62,21692.62,21859.36,21689.37
2017-09-05,21737.69,21806.0,21916.0,21708.85
2017-09-06,21814.56,21607.44,21908.31,21596.91
2017-09-07,21722.51,21852.96,21875.8,21695.14
2017-09-08,21776.66,21689.03,21827.63,21581.89
2017-09-11,22134.11,21901.19,22134.11,21901.19
2017-09-12,22233.4,22195.57,22308.46,22157.31
2017-09-13,22233.3,22206.88,22309.95,22193.06
2017-09-14,22281.14,22201.44,22324.77,22182.99
2017-09-15,22229.49,22302.07,22302.07,22210.02
2017-09-18,22364.74,22285.56,22390.96,22274.33
2017-09-19,22425.42,22357.14,22425.42,22319.08
2017-09-20,22355.58,22421.7,22462.48,22320.24
2017-09-21,22491.73,22410.11,22529.86,22399.58
2017-09-22,22530.83,22449.0,22613.48,22437.91
2017-09-25,22389.57,22498.91,22555.57,22367.27
2017-09-26,22430.65,22376.98,22480.27,22366.42
2017-09-27,22622.19,22472.64,22650.0,22464.87
2017-09-28,22587.67,22656.19,22668.97,22564.03
2017-09-29,22696.32,22620.92,22696.32,22540.91
2017-10-02,22811.19,22714.12,22811.19,22660.23
2017-10-03,22784.82,22828.82,22860.14,22743.84
2017-10-04,22456.38,22780.35,22782.48,22433.89
2017-10-05,22566.03,22422.0,22613.96,22386.8
2017-10-06,22392.31,22542.37,22556.18,22346.83
2017-10-09,22476.75,22410.2,22524.38,22365.56
2017-10-10,22335.91,22426.42,22435.7,22261.17
2017-10-11,22552.21,22407.03,22555.39,22314.49
2017-10-12,22398.51,22536.78,22570.66,22377.54
2017-10-13,22413.54,22421.11,22517.4,22334.82
2017-10-16,22428.31,22381.56,22497.58,22352.06
2017-10-17,22337.78,22460.4,22477.14,22304.64
2017-10-18,22354.69,22340.81,22391.77,22263.87
2017-10-19,22133.21,22343.64,22394.76,22021.02
2017-10-20,22346.85,22190.97,22362.23,22165.7
2017-10-23,22379.16,22377.89,22441.39,22275.02
2017-10-24,22629.57,22389.52,22650.63,22376.55
2017-10-25,22446.39,22620.08,22671.56,22434.06
2017-10-26,22807.42,22473.64,22838.5,22434.71
2017-10-27,22665.03,22861.25,22899.36,22597.05
2017-10-30,22752.89,22684.64,22790.09,22639.15
2017-10-31,22793.69,22774.53,22826.28,22709.44
2017-11-01,22991.99,22909.89,23061.12,22891.04
2017-11-02,23046.05,23006.45,23127.77,22935.09
2017-11-03,23014.13,23099.2,23099.2,22947.66
2017-11-06,23002.85,23006.94,23038.18,22884.67
2017-11-07,22962.59,23064.26,23133.42,22962.59
2017-11-08,22831.3,22991.55,22997.81,22699.11
2017-11-09,22641.31,22885.25,22960.58,22593.29
2017-11-10,22560.79,22694.9,22736.18,22534.59
2017-11-13,22437.64,22578.92,22586.8,22269.49
2017-11-14,22297.08,22490.89,22571.74,22242.78
2017-11-15,22158.88,22174.58,22213.95,21932.57
2017-11-16,22206.6,22257.83,22281.15,22083.29
2017-11-17,22092.95,22202.29,22278.54,22011.31
2017-11-20,22189.25,21974.4,22209.57,21946.9
2017-11-21,22326.44,22192.04,22433.08,22126.63
2017-11-22,22315.24,22358.44,22495.29,22312.26
2017-11-23,22397.78,22238.83,22405.7,22191.72
2017-11-24,22416.31,22395.7,22591.75,22357.3
2017-11-27,22176.7,22389.04,22493.12,22176.7
2017-11-28,22291.77,22223.27,22301.32,22194.88
2017-11-29,22325.94,22403.46,22508.61,22274.88
2017-11-30,22368.29,22361.4,22558.48,22320.96
2017-12-01,22106.1,22396.59,22409.2,22060.48
2017-12-04,22362.11,22351.85,22421.51,22270.94
2017-12-05,22416.31,22374.32,22482.07,22261.0
2017-12-06,22307.28,22235.93,22371.19,22204.99
2017-12-07,22459.51,22355.73,22459.51,22317.5
2017-12-08,22773.8,22571.33,22797.83,22570.73
2017-12-11,22690.98,22798.06,22838.32,22684.39
2017-12-12,22727.32,22725.33,22767.19,22610.74
2017-12-13,22400.19,22695.21,22752.13,22400.19
2017-12-14,22191.74,22361.2,22487.01,22191.74
2017-12-15,22094.04,22080.02,22210.52,21993.88
2017-12-18,22390.53,22224.73,22403.11,22206.66
2017-12-19,22274.97,22382.07,22454.63,22253.84
2017-12-20,22109.65,22334.86,22354.1,22088.86
2017-12-21,22240.25,22112.46,22251.07,21999.89
2017-12-22,22209.05,22166.42,22248.74,22115.62
2017-12-27,22201.27,22257.06,22295.18,22121.33
2017-12-28,22120.95,22187.7,22229.61,22099.54
2017-12-29,21853.34,22144.09,22154.4,21833.8
2018-01-02,21845.16,21898.69,21942.17,21613.89
2018-01-03,21904.56,21890.45,21941.65,21719.07
2018-01-04,22512.13,22012.1,22572.52,22011.59
2018-01-05,22762.29,22547.94,22762.29,22534.22
2018-01-08,22845.69,22867.8,22898.76,22704.78
2018-01-09,23004.98,22850.49,23055.53,22840.12
2018-01-10,23157.42,22979.12,23172.81,22955.64
2018-01-11,23305.26,23155.98,23323.21,23130.13
2018-01-12,23429.83,23427.89,23474.51,23343.76
2018-01-15,23543.55,23458.65,23604.24,23331.58
2018-01-16,23495.28,23537.57,23697.72,23443.46
2018-01-17,23514.67,23369.56,23555.47,23355.85
2018-01-18,23630.81,23579.52,23630.81,23438.84
2018-01-19,23749.22,23627.8,23866.6,23602.68
2018-01-22,23890.18,23671.55,23896.47,23629.83
2018-01-23,23836.6,23985.42,24050.15,23787.32
2018-01-24,23622.62,23815.53,23882.88,23622.62
2018-01-25,23719.81,23616.13,23818.28,23600.06
2018-01-26,23856.99,23725.25,23874.85,23697.62
2018-01-29,23801.55,23897.87,23960.29,23774.49
2018-01-30,23480.92,23682.47,23799.44,23411.54
2018-01-31,23507.06,23504.6,23602.1,23419.87
2018-02-01,23541.46,23639.28,23809.51,23436.36
2018-02-02,23202.66,23545.12,23561.9,23184.33
2018-02-05,22821.63,22915.74,23104.41,22817.51
2018-02-06,22347.01,22002.92,22649.4,21982.17
2018-02-07,22986.18,22606.41,23009.32,22400.19
2018-02-08,22466.6,22875.13,22998.11,22393.31
2018-02-09,22166.75,22339.4,22569.62,22041.82
2018-02-12,22336.78,22389.16,22512.94,22230.95
2018-02-13,22034.42,22335.33,22370.42,22034.42
2018-02-14,22433.75,22191.75,22481.18,21907.71
2018-02-15,22495.64,22536.68,22736.26,22393.48
2018-02-16,22797.88,22716.93,22806.9,22618.08
2018-02-19,22568.92,22852.7,22860.51,22568.92
2018-02-20,22673.56,22579.79,22702.63,22477.0
2018-02-21,22653.01,22615.0,22691.7,22449.26
2018-02-22,22463.51,22516.59,22601.66,22269.72
2018-02-23,22672.15,22469.11,22698.74,22394.59
2018-02-26,22706.21,22776.43,22859.0,22618.79
2018-02-27,22724.46,22755.62,22853.28,22639.14
2018-02-28,22607.61,22602.93,22792.29,22602.39
2018-03-01,22448.38,22527.12,22592.69,22344.2
2018-03-02,21912.14,22283.94,22298.71,21832.93
2018-03-05,21819.91,21468.88,21826.74,21460.46
2018-03-06,22202.5,22000.14,22273.55,21950.22
2018-03-07,22473.47,22134.39,22521.46,22100.55
2018-03-08,22731.1,22514.93,22791.79,22417.47
2018-03-09,22745.6,22710.84,22778.84,22621.81
2018-03-12,22764.91,22888.91,22906.63,22710.83
2018-03-13,22690.98,22806.49,22871.82,22588.9
2018-03-14,22452.34,22694.67,22786.94,22400.58
2018-03-15,22713.47,22539.6,22736.28,22454.15
2018-03-16,22857.69,22780.03,22938.06,22685.4
2018-03-19,22633.1,22843.11,22874.19,22595.43
2018-03-20,22798.15,22641.39,22836.53,22597.46
2018-03-21,22820.12,22837.78,22858.16,22674.06
2018-03-22,22397.84,22694.37,22830.41,22208.26
2018-03-23,22289.1,22127.33,22366.65,21964.82
2018-03-26,22011.76,22354.47,22354.47,21921.46
2018-03-27,22209.75,22336.82,22394.18,22170.51
2018-03-28,22331.36,22013.65,22331.36,21918.99
2018-03-29,22411.15,22381.1,22556.9,22326.98
2018-04-03,22510.33,22288.5,22560.99,22219.86
2018-04-04,22442.78,22523.65,22538.41,22205.68
2018-04-05,22969.5,22733.85,22976.65,22714.24
2018-04-06,22929.87,22933.41,23000.43,22865.96
2018-04-09,23053.99,22997.35,23126.92,22946.52
2018-04-10,23173.68,23167.3,23193.97,23037.37
2018-04-11,23012.86,23133.41,23206.03,22957.62
2018-04-12,23304.88,23022.83,23331.44,23006.54
2018-04-13,23330.32,23322.32,23432.77,23278.03
2018-04-16,23329.31,23342.68,23411.14,23292.35
2018-04-17,23649.04,23406.84,23674.2,23386.52
2018-04-18,23759.88,23687.01,23801.67,23605.13
2018-04-19,23792.04,23766.19,23822.58,23696.76
2018-04-20,23829.34,23803.4,23950.53,23698.91
2018-04-23,23982.52,23783.04,23982.52,23765.66
2018-04-24,24035.49,23935.5,24073.69,23933.99
2018-04-25,23801.2,23932.83,24023.78,23680.22
2018-04-26,24039.63,23853.39,24039.63,23800.82
2018-04-27,23927.61,23997.75,24048.31,23801.38
2018-04-30,23979.37,23938.73,24012.83,23823.37
2018-05-02,24265.61,24014.71,24305.64,23999.23
2018-05-03,24064.46,24229.29,24269.53,24026.56
2018-05-04,24335.02,24174.63,24335.02,24143.56
2018-05-07,24544.26,24355.16,24544.26,24274.65
2018-05-08,24142.54,24488.45,24512.3,23950.89
2018-05-09,24266.56,24218.09,24419.35,24209.21
2018-05-10,24033.9,24279.55,24329.05,23871.01
2018-05-11,24159.34,24123.38,24171.43,23969.76
2018-05-14,24221.47,24159.85,24221.47,23959.61
2018-05-15,24297.17,24143.55,24359.66,24141.62
2018-05-16,23734.22,24175.74,24220.63,23616.91
2018-05-17,23801.99,23830.61,23985.03,23612.53
2018-05-18,23449.65,23918.6,23920.97,23384.19
2018-05-21,23092.38,23082.63,23427.55,22951.98
2018-05-22,23216.57,23135.48,23298.45,23024.29
2018-05-23,22911.71,23061.29,23061.29,22754.48
2018-05-24,22749.08,22990.36,23141.84,22627.0
2018-05-25,22398.15,22794.71,22827.57,22205.05
2018-05-28,21932.69,22634.77,22855.69,21797.16
2018-05-29,21350.88,21554.16,21665.53,21122.51
2018-05-30,21797.82,21479.93,21870.3,21287.26
2018-05-31,21784.18,21881.42,22099.78,21599.88
2018-06-01,22109.55,22251.33,22416.47,22019.85
2018-06-04,22009.95,22352.2,22380.75,21915.84
2018-06-05,21750.15,21944.51,22194.83,21750.15
2018-06-06,21807.59,21814.52,21877.18,21411.98
2018-06-07,21767.6,21955.42,22072.99,21689.65
2018-06-08,21355.98,21497.91,21660.83,21298.04
2018-06-11,22086.2,21786.2,22139.31,21740.13
2018-06-12,22119.76,22199.4,22339.66,21998.17
2018-06-13,22216.18,22169.5,22363.72,22114.99
2018-06-14,22486.32,22106.66,22516.62,21978.04
2018-06-15,22190.45,22504.45,22508.3,22162.56
2018-06-18,22099.27,22097.56,22198.97,21948.77
2018-06-19,22084.33,21797.5,22172.12,21717.3
2018-06-20,22120.58,22276.26,22325.38,22107.38
2018-06-21,21673.11,22198.81,22234.76,21637.88
2018-06-22,21888.47,21739.24,21957.94,21724.61
2018-06-25,21355.19,21730.67,21762.44,21355.19
2018-06-26,21419.27,21501.18,21579.8,21320.56
2018-06-27,21557.91,21401.35,21726.9,21157.47
2018-06-28,21432.34,21430.08,21626.13,21294.71
2018-06-29,21626.27,21712.36,21843.47,21586.79
2018-07-02,21427.2,21411.0,21534.08,21168.66
2018-07-03,21764.16,21550.44,21825.08,21459.4
2018-07-04,21686.61,21736.5,21774.83,21659.64
2018-07-05,21914.29,21766.65,22040.25,21766.65
2018-07-06,21925.51,21989.83,22010.28,21812.48
2018-07-09,22033.44,22039.83,22090.27,21955.01
2018-07-10,22057.3,22079.7,22193.79,21912.24
2018-07-11,21708.06,21888.29,21906.63,21668.68
2018-07-12,21790.12,21753.72,21836.25,21579.53
2018-07-13,21892.35,21882.76,21962.24,21809.31
2018-07-16,21822.96,21895.49,22071.5,21822.96
2018-07-17,21977.82,21819.23,21995.76,21740.52
2018-07-18,21972.22,22059.37,22065.97,21905.81
2018-07-19,21885.4,21969.36,22066.72,21808.35
2018-07-20,21794.6,21758.82,21854.74,21594.28
2018-07-23,21605.21,21626.15,21778.4,21535.44
2018-07-24,21874.69,21744.79,21904.06,21722.53
2018-07-25,21561.46,21842.91,21936.55,21546.05
2018-07-26,21862.87,21710.69,21872.68,21692.12
2018-07-27,21955.08,21832.12,21970.46,21832.12
2018-07-30,21941.01,21863.73,21969.85,21853.97
2018-07-31,22215.69,21931.45,22243.62,21930.39
2018-08-01,21791.45,22224.31,22224.46,21791.45
2018-08-02,21414.72,21651.16,21677.74,21322.5
2018-08-03,21586.85,21470.43,21694.03,21324.05
2018-08-06,21580.18,21607.7,21638.39,21466.26
2018-08-07,21853.81,21662.83,21887.01,21657.15
2018-08-08,21790.3,21862.06,21949.98,21760.92
2018-08-09,21634.25,21774.32,21809.45,21580.06
2018-08-10,21090.78,21388.08,21447.88,20967.77
2018-08-13,20969.26,20943.69,21059.6,20768.86
2018-08-14,20906.35,21100.53,21138.66,20860.74
2018-08-16,20524.13,20798.53,20902.61,20469.6
2018-08-17,20415.27,20494.42,20573.07,20236.27
2018-08-20,20470.97,20471.51,20560.41,20365.91
2018-08-21,20783.79,20458.53,20832.04,20452.18
2018-08-22,20699.7,20714.65,20831.81,20666.27
2018-08-23,20608.51,20689.66,20734.2,20548.11
2018-08-24,20741.96,20628.23,20774.91,20627.75
2018-08-27,20797.82,20785.96,20801.08,20582.91
2018-08-28,20620.05,20834.2,20843.77,20550.0
2018-08-29,20760.07,20614.44,20760.07,20513.1
2018-08-30,20495.1,20721.43,20781.27,20495.1
2018-08-31,20269.47,20509.35,20519.38,20243.64
2018-09-03,20395.79,20269.06,20413.68,20253.27
2018-09-04,20601.0,20509.76,20649.71,20376.87
2018-09-05,20581.78,20580.5,20876.52,20500.76
2018-09-06,20527.22,20562.55,20760.57,20488.86
2018-09-07,20447.69,20558.24,20601.6,20310.23
2018-09-10,20918.9,20448.53,20995.38,20404.79
2018-09-11,20853.84,21012.22,21021.65,20723.81
2018-09-12,20963.0,20896.57,20965.78,20646.42
2018-09-13,20846.18,20899.36,21051.88,20829.37
2018-09-14,20885.43,20953.2,20959.33,20775.06
2018-09-17,21111.4,20823.45,21149.39,20797.96
2018-09-18,21228.23,21119.93,21228.23,21025.57
2018-09-19,21280.78,21235.28,21324.18,21091.45
2018-09-20,21388.38,21294.99,21476.14,21285.3
2018-09-21,21536.74,21545.41,21653.14,21462.42
2018-09-24,21339.87,21444.32,21486.57,21332.53
2018-09-25,21668.99,21393.73,21668.99,21393.27
2018-09-26,21646.34,21651.01,21680.0,21573.96
2018-09-27,21511.07,21503.97,21548.47,21220.19
2018-09-28,20711.7,21298.65,21298.65,20511.05
2018-10-01,20609.99,20602.28,21078.01,20552.6
2018-10-02,20562.31,20337.14,20659.02,20207.46
2018-10-03,20736.01,20825.08,20870.5,20578.72
2018-10-04,20612.93,20713.65,20770.43,20581.16
2018-10-05,20345.96,20569.58,20583.87,20321.45
2018-10-08,19851.47,20167.38,20175.27,19812.43
2018-10-09,20062.25,19926.48,20137.56,19679.39
2018-10-10,19719.04,19918.32,20137.83,19719.04
2018-10-11,19356.61,19424.56,19664.47,19347.86
2018-10-12,19255.98,19522.55,19572.12,19254.75
2018-10-15,19287.64,19218.24,19335.64,19166.68
2018-10-16,19717.83,19338.03,19725.04,19247.44
2018-10-17,19454.99,19786.73,19912.2,19392.78
2018-10-18,19087.53,19409.91,19598.28,19087.53
2018-10-19,19080.16,19015.4,19193.26,18754.24
2018-10-22,18966.22,19426.53,19467.38,18927.87
2018-10-23,18802.47,18762.92,18954.9,18705.16
2018-10-24,18485.46,18877.59,18924.62,18474.12
2018-10-25,18815.32,18434.21,18831.62,18411.43
2018-10-26,18683.27,18722.06,18726.28,18418.27
2018-10-29,19039.85,18937.59,19211.6,18835.55
2018-10-30,18998.8,19075.81,19181.17,18851.64
2018-10-31,19050.22,19168.44,19228.93,19015.56
2018-11-01,19185.14,19014.88,19282.08,18978.63
2018-11-02,19390.34,19371.75,19529.29,19339.29
2018-11-05,19281.03,19394.18,19397.28,19279.86
2018-11-06,19268.29,19320.88,19321.18,19073.44
2018-11-07,19540.94,19384.63,19608.8,19382.63
2018-11-08,19429.14,19576.14,19623.64,19382.62
2018-11-09,19258.11,19304.23,19334.05,19133.27
2018-11-12,19055.92,19329.29,19369.26,19055.92
2018-11-13,19226.52,19099.5,19256.83,18931.57
2018-11-14,19077.47,19017.3,19256.95,18857.81
2018-11-15,18905.36,19164.19,19223.0,18756.17
2018-11-16,18878.31,19038.47,19098.26,18782.01
2018-11-19,18823.13,18925.86,19133.58,18823.13
2018-11-20,18471.38,18759.71,18807.48,18453.86
2018-11-21,18731.55,18653.32,18784.24,18512.39
2018-11-22,18603.04,18653.03,18765.2,18514.59
2018-11-23,18714.9,18620.45,18783.25,18598.36
2018-11-26,19233.45,19037.22,19320.06,19037.22
2018-11-27,19150.38,19247.01,19309.61,19100.5
2018-11-28,19115.16,19193.78,19250.37,19086.58
2018-11-29,19159.6,19291.7,19339.46,19059.88
2018-11-30,19188.97,19228.38,19235.35,19071.76
2018-12-03,19622.36,19589.95,19674.86,19525.28
2018-12-04,19353.43,19590.4,19622.8,19353.43
2018-12-05,19328.7,19154.53,19394.53,19108.23
2018-12-06,18643.83,19136.04,19138.1,18583.38
2018-12-07,18741.98,18787.48,18960.75,18741.98
2018-12-10,18410.13,18584.76,18708.6,18399.43
2018-12-11,18591.01,18553.4,18767.67,18422.08
2018-12-12,18945.8,18666.61,19021.35,18626.66
2018-12-13,19048.83,19094.41,19210.42,18955.57
2018-12-14,18910.79,18875.04,18968.26,18734.42
2018-12-17,18693.45,18901.19,18914.34,18655.45
2018-12-18,18644.85,18586.64,18786.54,18555.23
2018-12-19,18941.9,18813.82,19021.34,18807.98
2018-12-20,18576.9,18679.14,18758.98,18576.9
2018-12-21,18397.19,18438.42,18483.88,18280.13
2018-12-27,18064.62,18337.58,18358.43,17914.03
2018-12-28,18324.03,18226.36,18385.11,18169.0
2019-01-02,18330.99,18191.76,18409.72,17959.39
2019-01-03,18218.4,18211.83,18425.18,18152.75
2019-01-04,18831.79,18375.6,18832.17,18373.35
2019-01-07,18953.27,18917.43,18968.04,18800.2
2019-01-08,19000.14,18978.14,19193.13,18922.45
2019-01-09,19179.16,19151.96,19297.11,19125.35
2019-01-10,19300.74,19100.51,19300.74,19037.52
2019-01-11,19290.09,19372.75,19385.6,19187.38
2019-01-14,19171.48,19163.26,19235.23,19016.16
2019-01-15,19165.48,19316.11,19379.2,19028.48
2019-01-16,19477.77,19253.44,19477.77,19241.0
2019-01-17,19470.38,19357.08,19511.86,19314.34
2019-01-18,19708.06,19636.71,19723.0,19542.96
2019-01-21,19638.64,19606.19,19638.64,19529.68
2019-01-22,19437.27,19522.59,19584.22,19412.6
2019-01-23,19400.15,19351.27,19555.0,19277.33
2019-01-24,19564.48,19417.34,19663.45,19376.96
2019-01-25,19810.52,19671.72,19824.8,19651.87
2019-01-28,19608.13,19734.95,19776.29,19569.24
2019-01-29,19701.6,19593.97,19771.13,19559.64
2019-01-30,19771.55,19728.71,19771.55,19669.77
2019-01-31,19730.78,19859.07,19904.79,19541.57
2019-02-01,19576.77,19752.12,19840.0,19356.43
2019-02-04,19605.6,19564.5,19660.43,19494.42
2019-02-05,19833.49,19650.92,19847.63,19575.45
2019-02-06,19996.47,19763.5,20009.94,19752.91
2019-02-07,19478.32,19941.19,20002.03,19478.32
2019-02-08,19351.9,19461.78,19593.12,19267.89
2019-02-11,19586.56,19434.61,19685.67,19424.54
2019-02-12,19805.28,19743.46,19860.61,19673.94
2019-02-13,19989.9,19878.07,20047.76,19844.46
2019-02-14,19834.96,20076.67,20090.93,19813.35
2019-02-15,20212.34,19799.82,20270.53,19788.76
2019-02-18,20329.83,20231.77,20348.44,20225.76
2019-02-19,20228.19,20299.83,20360.66,20124.97
2019-02-20,20304.21,20270.74,20310.57,20158.83
2019-02-21,20209.72,20310.35,20345.6,20157.42
2019-02-22,20262.51,20195.29,20292.65,20194.97
2019-02-25,20436.96,20428.06,20488.26,20403.17
2019-02-26,20459.59,20373.81,20507.08,20337.41
2019-02-27,20498.79,20409.39,20560.99,20398.17
2019-02-28,20659.46,20423.69,20683.05,20423.28
2019-03-01,20694.53,20798.07,20835.69,20694.53
2019-03-04,20718.3,20820.18,20857.31,20633.2
2019-03-05,20715.97,20719.66,20826.68,20657.09
2019-03-06,20851.56,20733.55,20905.83,20677.52
2019-03-07,20697.56,20824.71,21009.88,20598.27
2019-03-08,20484.39,20563.98,20673.51,20385.86
2019-03-11,20638.22,20588.28,20655.97,20472.06
2019-03-12,20631.19,20746.33,20746.33,20528.38
2019-03-13,20749.2,20598.39,20757.91,20591.63
2019-03-14,20877.43,20766.82,20971.37,20763.63
2019-03-15,21045.41,20947.59,21111.56,20876.92
2019-03-18,21234.61,21090.81,21255.29,21085.65
2019-03-19,21430.35,21275.24,21483.53,21230.6
2019-03-20,21330.21,21360.18,21477.42,21330.21
2019-03-21,21373.06,21345.8,21441.43,21265.36
2019-03-22,21078.76,21462.55,21464.02,21045.98
2019-03-25,21059.6,21016.56,21223.87,20925.09
2019-03-26,21139.4,21106.49,21184.62,20988.38
2019-03-27,21194.19,21189.68,21423.99,21011.38
2019-03-28,21080.97,21165.28,21213.22,21035.96
2019-03-29,21286.13,21208.41,21294.61,21086.97
2019-04-01,21520.25,21404.0,21547.13,21348.9
2019-04-02,21522.92,21531.74,21571.64,21448.25
2019-04-03,21755.88,21654.78,21788.86,21629.34
2019-04-04,21705.6,21695.75,21742.21,21634.05
2019-04-05,21758.61,21751.1,21823.95,21678.56
2019-04-08,21771.96,21772.27,21809.98,21696.39
2019-04-09,21671.78,21759.16,21898.03,21611.37
2019-04-10,21671.76,21686.93,21761.45,21618.69
2019-04-11,21684.84,21698.1,21769.67,21477.91
2019-04-12,21858.31,21676.99,21911.86,21633.49
2019-04-15,21892.42,21908.9,22004.09,21841.01
2019-04-16,21918.93,21918.94,21981.53,21806.12
2019-04-17,22000.88,21939.37,22052.83,21889.06
2019-04-18,21956.59,21994.5,22024.06,21789.29
2019-04-23,21896.84,21950.81,21951.91,21817.74
2019-04-24,21724.44,21839.16,21889.99,21666.56
2019-04-25,21719.88,21698.43,21776.05,21652.57
2019-04-26,21737.97,21721.97,21769.75,21590.4
2019-04-29,21788.54,21772.06,21843.79,21652.26
2019-04-30,21881.33,21769.93,21886.67,21752.87
2019-05-02,21710.38,21834.44,21914.77,21676.73
2019-05-03,21763.48,21713.47,21811.78,21665.24
2019-05-06,21409.29,21316.67,21469.48,21246.26
2019-05-07,21219.14,21444.39,21554.81,21172.61
2019-05-08,21203.86,21207.35,21256.91,21030.73
2019-05-09,20817.16,21102.09,21103.68,20789.21
2019-05-10,20874.78,21005.82,21050.96,20837.18
2019-05-13,20593.72,20909.46,20910.91,20586.13
2019-05-14,20892.66,20699.67,20892.66,20650.4
2019-05-15,20863.14,20898.36,20904.32,20556.4
2019-05-16,21151.8,20837.73,21151.8,20767.97
2019-05-17,21105.28,21151.13,21164.49,20978.95
2019-05-20,20539.87,20746.48,20909.33,20486.43
2019-05-21,20698.61,20637.96,20708.99,20583.41
2019-05-22,20573.31,20651.76,20738.15,20502.9
2019-05-23,20136.39,20423.64,20470.34,20122.14
2019-05-24,20376.03,20261.39,20463.83,20244.99
2019-05-27,20363.13,20417.42,20682.56,20298.5
2019-05-28,20260.98,20348.71,20358.76,20093.3
2019-05-29,19999.94,20087.25,20103.92,19927.82
2019-05-30,19947.92,20073.01,20172.59,19878.63
2019-05-31,19802.11,19729.84,19828.6,19535.5
2019-06-03,19874.24,19679.84,19880.93,19593.7
2019-06-04,20229.42,19777.69,20244.94,19753.11
2019-06-05,20155.73,20229.42,20264.27,20034.67
2019-06-06,20177.81,20147.44,20396.0,20078.68
2019-06-07,20360.59,20248.23,20454.11,20236.55
2019-06-10,20484.99,20464.88,20495.9,20345.2
2019-06-11,20609.7,20495.11,20704.58,20483.28
2019-06-12,20463.25,20494.01,20545.17,20429.07
2019-06-13,20630.75,20447.01,20658.92,20391.2
2019-06-14,20612.45,20586.35,20647.15,20534.05
2019-06-17,20626.42,20659.77,20721.92,20601.86
2019-06-18,21133.78,20632.37,21156.69,20509.76
2019-06-19,21221.38,21139.71,21244.37,21070.39
2019-06-20,21361.44,21355.42,21497.6,21345.98
2019-06-21,21388.63,21377.12,21511.39,21336.02
2019-06-24,21284.1,21314.58,21471.89,21261.77
2019-06-25,21128.41,21224.83,21283.3,21111.62
2019-06-26,21057.14,21081.66,21239.54,21020.47
2019-06-27,21110.87,21139.5,21202.46,20996.89
2019-06-28,21234.79,21132.42,21251.94,21078.84
2019-07-01,21254.04,21463.79,21482.22,21254.04
2019-07-02,21392.87,21319.53,21435.2,21244.57
2019-07-03,21905.34,21415.04,21911.64,21403.64
2019-07-04,22120.7,21956.71,22175.35,21930.38
2019-07-05,21985.79,22129.52,22142.43,21925.77
2019-07-08,21976.0,21942.36,22050.81,21912.18
2019-07-09,21886.17,21930.11,22003.47,21819.94
2019-07-10,22044.96,21894.04,22186.02,21878.76
2019-07-11,22169.42,22150.01,22270.1,22125.58
2019-07-12,22182.7,22182.2,22263.04,22175.49
2019-07-15,22178.05,22238.87,22330.37,22126.67
2019-07-16,22204.08,22158.22,22273.42,22079.1
2019-07-17,22079.38,22160.03,22237.25,22036.4
2019-07-18,22090.81,21949.95,22196.29,21924.9
2019-07-19,21641.46,22195.29,22198.3,21627.77
2019-07-22,21735.7,21615.82,21746.63,21587.71
2019-07-23,21954.66,21823.79,22007.8,21795.97
2019-07-24,22080.32,21995.72,22087.34,21933.69
2019-07-25,21903.29,22158.03,22357.39,21778.65
2019-07-26,21837.74,21909.25,21910.68,21763.7
2019-07-29,21709.3,21783.74,21865.26,21709.3
2019-07-30,21278.24,21694.91,21694.91,21235.08
2019-07-31,21398.19,21299.94,21422.46,21265.22
2019-08-01,21566.91,21307.36,21605.79,21302.94
2019-08-02,21046.86,21155.46,21302.71,21038.61
2019-08-05,20773.3,20880.17,20963.71,20687.87
2019-08-06,20631.74,20814.3,20915.1,20631.74
2019-08-07,20538.85,20668.69,20809.73,20407.2
2019-08-08,20841.15,20737.0,20841.15,20597.65
2019-08-09,20324.23,20505.4,20584.25,20295.83
2019-08-12,20263.83,20445.57,20559.63,20243.4
2019-08-13,20539.43,20191.09,20597.31,20067.13
2019-08-14,20020.28,20524.71,20524.71,19936.13
2019-08-16,20322.59,20083.36,20348.05,20009.95
2019-08-19,20715.49,20506.15,20729.9,20472.0
2019-08-20,20485.43,20672.86,20717.99,20451.87
2019-08-21,20847.07,20562.7,20911.18,20561.99
2019-08-22,20816.99,20793.23,21044.0,20767.83
2019-08-23,20473.86,20963.0,20965.2,20473.86
2019-08-26,20676.83,20482.08,20720.62,20366.61
2019-08-27,20991.3,20732.68,21060.72,20663.54
2019-08-28,20990.71,20983.13,21013.01,20831.01
2019-08-29,21398.17,21020.18,21440.82,20972.72
2019-08-30,21322.9,21400.31,21558.77,21254.75
2019-09-02,21451.98,21390.48,21566.56,21388.74
2019-09-03,21399.23,21438.19,21496.96,21311.18
2019-09-04,21737.8,21665.32,21777.23,21630.02
2019-09-05,21955.07,21853.31,21955.07,21795.7
2019-09-06,21947.33,21967.13,22010.42,21856.68
2019-09-09,21989.73,22007.98,22040.84,21935.18
2019-09-10,21869.01,21963.66,21989.09,21824.34
2019-09-11,21891.57,21994.3,22032.95,21795.96
2019-09-12,22083.17,21983.14,22141.37,21835.48
2019-09-13,22181.41,22126.78,22229.83,22075.73
2019-09-16,21969.24,22125.42,22138.53,21897.59
2019-09-17,21801.93,21964.33,21989.26,21782.63
2019-09-18,21947.7,21786.5,22009.36,21774.3
2019-09-19,22128.24,21965.22,22159.73,21930.14
2019-09-20,22123.25,22190.69,22282.94,22111.55
2019-09-23,21899.88,22088.27,22110.82,21830.95
2019-09-24,21901.01,21955.49,21994.0,21885.03
2019-09-25,21788.22,21795.59,21806.49,21491.97
2019-09-26,21947.67,21791.41,22005.52,21777.93
2019-09-27,22017.4,22020.65,22029.59,21913.25
2019-09-30,22107.7,22007.98,22131.21,21934.74
2019-10-01,21927.57,22184.75,22293.77,21927.57
2019-10-02,21298.24,21872.05,21893.39,21298.24
2019-10-03,21311.51,21301.76,21457.15,21127.43
2019-10-04,21470.44,21374.37,21473.3,21258.49
2019-10-07,21652.15,21441.55,21652.15,21378.52
2019-10-08,21405.73,21681.42,21685.09,21337.39
2019-10-09,21533.64,21413.93,21649.44,21366.03
2019-10-10,21756.39,21554.62,21763.77,21420.43
2019-10-11,22165.34,21837.51,22165.34,21776.0
2019-10-14,22097.94,22107.54,22155.74,21992.34
2019-10-15,22365.34,22243.57,22399.48,22168.2
2019-10-16,22428.09,22388.45,22514.26,22286.23
2019-10-17,22375.67,22379.59,22663.27,22373.25
2019-10-18,22321.77,22405.7,22450.49,22291.24
2019-10-21,22478.19,22346.77,22500.95,22343.81
2019-10-22,22487.08,22504.4,22524.54,22360.61
2019-10-23,22351.07,22376.77,22441.29,22284.1
2019-10-24,22527.42,22446.08,22548.19,22396.8
2019-10-25,22608.99,22554.4,22608.99,22466.35
2019-10-28,22695.64,22597.11,22749.24,22529.17
2019-10-29,22680.74,22702.8,22747.86,22615.29
2019-10-30,22646.08,22699.86,22781.8,22453.97
2019-10-31,22693.77,22659.38,22783.36,22584.49
2019-11-01,22934.32,22734.64,22946.01,22721.16
2019-11-04,23311.43,23040.85,23348.56,23027.49
2019-11-05,23364.82,23346.34,23436.01,23294.52
2019-11-06,23373.22,23375.37,23414.89,23308.97
2019-11-07,23503.03,23487.1,23584.84,23445.05
2019-11-08,23534.49,23477.83,23561.58,23353.85
2019-11-11,23489.93,23453.88,23516.37,23396.47
2019-11-12,23782.15,23555.06,23827.58,23547.77
2019-11-13,23578.43,23696.42,23726.51,23436.37
2019-11-14,23481.35,23576.47,23641.38,23480.29
2019-11-15,23588.59,23599.52,23631.71,23462.91
2019-11-18,23463.98,23572.18,23614.55,23350.44
2019-11-19,23329.21,23520.12,23660.49,23303.44
2019-11-20,23351.78,23220.59,23384.3,23149.95
2019-11-21,23279.78,23194.58,23371.8,23104.98
2019-11-22,23259.8,23325.33,23461.58,23254.67
2019-11-25,23467.25,23398.04,23496.51,23383.64
2019-11-26,23546.58,23475.62,23570.1,23359.16
2019-11-27,23485.03,23624.06,23651.44,23451.85
2019-11-28,23342.42,23401.35,23481.09,23270.48
2019-11-29,23259.33,23267.74,23425.3,23206.91
2019-12-02,22728.59,23297.68,23402.95,22698.17
2019-12-03,22736.52,22845.38,22987.19,22581.12
2019-12-04,23034.2,22736.58,23035.66,22732.8
2019-12-05,22969.4,23049.47,23190.81,22946.44
2019-12-06,23182.72,23055.17,23219.63,22940.32
2019-12-09,22956.9,23214.72,23233.11,22855.96
2019-12-10,23122.82,22935.88,23141.46,22789.78
2019-12-11,23155.64,23101.34,23202.62,23038.08
2019-12-12,23390.95,23229.13,23487.72,23161.14
2019-12-13,23329.33,23713.61,23727.56,23272.24
2019-12-16,23524.76,23436.29,23549.6,23388.12
2019-12-17,23630.77,23535.62,23716.58,23481.76
2019-12-18,23628.87,23645.91,23738.05,23627.21
2019-12-19,23708.94,23647.05,23710.17,23583.12
2019-12-20,24003.64,23842.28,24003.64,23836.96
2019-12-23,23898.42,23918.55,23941.26,23845.21
2019-12-27,23757.6,23867.96,23898.6,23732.27
2019-12-30,23506.37,23712.11,23735.93,23506.37
2020-01-02,23836.26,23606.97,23861.99,23571.59
2020-01-03,23702.35,23709.9,23759.89,23516.81
2020-01-06,23581.29,23565.92,23607.54,23265.21
2020-01-07,23723.38,23688.25,23793.67,23635.9
2020-01-08,23832.02,23550.61,23893.01,23480.62
2020-01-09,24016.7,23979.65,24078.29,23963.51
2020-01-10,24021.4,24061.43,24146.55,23966.36
2020-01-13,23896.59,24061.45,24061.45,23829.41
2020-01-14,23928.21,23931.94,23947.97,23706.43
2020-01-15,23763.86,23902.76,23931.8,23719.45
2020-01-16,23940.41,23861.55,23960.79,23760.3
2020-01-17,24141.07,24042.6,24168.66,24010.86
2020-01-20,24002.45,24032.65,24084.94,23973.43
2020-01-21,23845.28,23858.03,23860.16,23645.3
2020-01-22,23706.29,23887.83,23906.79,23680.4
2020-01-23,23707.05,23716.43,23901.15,23611.2
2020-01-24,23969.13,23848.46,24083.13,23848.46
2020-01-27,23416.13,23713.12,23977.56,23384.04
2020-01-28,24027.63,23544.56,24027.63,23429.19
2020-01-29,24164.73,24052.97,24197.66,23969.03
2020-01-30,23781.1,23892.3,23982.66,23687.64
2020-01-31,23237.03,23863.15,23873.05,23207.9
2020-02-03,23460.01,23297.09,23466.34,23218.72
2020-02-04,23844.85,23572.77,23900.76,23542.06
2020-02-05,24236.63,23815.72,24270.46,23745.98
2020-02-06,24490.35,24347.99,24513.81,24338.09
2020-02-07,24478.32,24465.18,24523.42,24371.83
2020-02-10,24507.7,24437.06,24585.13,24388.88
2020-02-11,24688.89,24616.66,24762.66,24533.75
2020-02-12,24861.28,24738.21,24901.59,24734.87
2020-02-13,24892.15,24769.05,24892.15,24588.46
2020-02-14,24867.01,24942.1,24983.12,24831.96
2020-02-17,25120.54,24961.76,25120.54,24903.0
2020-02-18,25223.51,24985.71,25389.46,24969.75
2020-02-19,25477.55,25352.69,25483.05,25271.72
2020-02-20,25080.16,25414.77,25419.96,25080.16
2020-02-21,24773.15,24979.32,25129.98,24670.24
2020-02-24,23427.19,23918.6,24005.21,23255.26
2020-02-25,23090.44,23585.59,23630.43,23046.19
2020-02-26,23422.54,22961.01,23599.85,22637.93
2020-02-27,22799.37,22968.63,23077.82,22479.6
2020-02-28,21984.21,22058.99,22334.72,21697.94
2020-03-02,21655.09,22333.17,22361.13,21118.83
2020-03-03,21748.2,22116.28,22340.46,21651.36
2020-03-04,21946.03,21739.8,22204.01,21499.93
2020-03-05,21554.88,22011.67,22034.94,21362.09
2020-03-06,20799.89,20986.89,21151.36,20624.42
2020-03-09,18475.91,20780.87,20780.87,18346.4
2020-03-10,17870.18,18653.9,19174.77,17771.88
2020-03-11,17928.64,18171.76,18410.29,17674.69
2020-03-12,14894.44,17654.04,17659.86,14894.44
2020-03-13,15954.29,15108.11,17545.44,15106.6
2020-03-16,14980.34,15697.47,15699.27,14153.09
2020-03-17,15314.77,15420.49,15809.66,14695.72
2020-03-18,15120.48,14985.81,15438.23,14791.72
2020-03-19,15466.97,15417.2,15844.08,15038.08
2020-03-20,15731.85,15772.98,16180.17,15616.9
2020-03-23,15559.8,15318.26,15788.7,15091.98
2020-03-24,16948.6,15977.53,16948.6,15969.74
2020-03-25,17243.68,17246.83,17830.36,16581.76
2020-03-26,17369.38,16876.51,17369.38,16834.79
2020-03-27,16822.59,17039.45,17283.44,16666.74
2020-03-30,16872.41,16855.94,16925.07,16312.9
2020-03-31,17050.94,17096.96,17292.15,16694.89
2020-04-01,16544.97,16600.06,16845.15,16500.42
2020-04-02,16834.03,16660.09,16878.3,16413.72
2020-04-03,16384.35,16742.07,16791.08,16384.35
2020-04-06,17039.31,16769.13,17053.91,16764.81
2020-04-07,17411.72,17587.81,17887.12,17177.73
2020-04-08,17380.82,17212.38,17405.79,17196.03
2020-04-09,17621.62,17685.56,17756.01,17360.48
2020-04-14,17558.43,17821.88,17831.01,17507.07
2020-04-15,16719.07,17454.94,17543.27,16719.07
2020-04-16,16768.14,17003.45,17160.91,16729.63
2020-04-17,17055.47,17152.83,17307.65,16963.93
2020-04-20,17064.14,17144.35,17155.39,16785.73
2020-04-21,16450.85,16811.87,16934.52,16450.85
2020-04-22,16765.28,16615.0,16770.44,16555.34
2020-04-23,17011.11,16925.36,17145.44,16778.15
2020-04-24,16858.89,16640.17,17155.11,16640.17
2020-04-27,17380.21,17313.48,17380.21,17163.85
