"Data","Ultimo","Apertura","Massimo","Minimo","Vol.","Var. %"
"14.02.2020","332,25","332,25","332,25","332,25","-","-0,21%"
"13.02.2020","332,94","332,94","332,94","332,94","-","0,21%"
"12.02.2020","332,24","332,24","332,24","332,24","-","0,44%"
"11.02.2020","330,78","330,78","330,78","330,78","-","-0,21%"
"10.02.2020","331,47","331,47","331,47","331,47","-","-0,02%"
"07.02.2020","331,54","331,54","331,54","331,54","-","0,19%"
"06.02.2020","330,92","330,92","330,92","330,92","-","0,04%"
"05.02.2020","330,80","330,80","330,80","330,80","-","-0,17%"
"04.02.2020","331,37","331,37","331,37","331,37","-","0,15%"
"03.02.2020","330,86","330,86","330,86","330,86","-","-0,31%"
"31.01.2020","331,88","331,88","331,88","331,88","-","0,05%"
"30.01.2020","331,71","331,71","331,71","331,71","-","0,21%"
"29.01.2020","331,00","331,00","331,00","331,00","-","0,49%"
"28.01.2020","329,40","329,40","329,40","329,40","-","0,13%"
"27.01.2020","328,96","328,96","328,96","328,96","-","1,58%"
"24.01.2020","323,83","323,83","323,83","323,83","-","0,18%"
"23.01.2020","323,25","323,25","323,25","323,25","-","0,87%"
"22.01.2020","320,45","320,45","320,45","320,45","-","-0,08%"
"21.01.2020","320,70","320,70","320,70","320,70","-","0,00%"
"20.01.2020","320,69","320,69","320,69","320,69","-","0,16%"
"17.01.2020","320,19","320,19","320,19","320,19","-","0,47%"
"16.01.2020","318,70","318,70","318,70","318,70","-","-0,41%"
"15.01.2020","320,02","320,02","320,02","320,02","-","-0,00%"
"14.01.2020","320,03","320,03","320,03","320,03","-","0,02%"
"13.01.2020","319,95","319,95","319,95","319,95","-","-0,48%"
"10.01.2020","321,48","321,48","321,48","321,48","-","0,37%"
"09.01.2020","320,29","320,29","320,29","320,29","-","0,27%"
"08.01.2020","319,44","319,44","319,44","319,44","-","-0,17%"
"07.01.2020","319,98","319,98","319,98","319,98","-","-0,31%"
"06.01.2020","320,98","320,98","320,98","320,98","-","0,00%"
"03.01.2020","320,97","320,97","320,97","320,97","-","0,55%"
"02.01.2020","319,23","319,23","319,23","319,23","-","-0,07%"
"30.12.2019","319,45","319,45","319,45","319,45","-","-0,27%"
"27.12.2019","320,31","320,31","320,31","320,31","-","0,53%"
"23.12.2019","318,62","318,62","318,62","318,62","-","-0,18%"
"20.12.2019","319,19","319,19","319,19","319,19","-","-0,17%"
"19.12.2019","319,73","319,73","319,73","319,73","-","-0,49%"
"18.12.2019","321,29","321,29","321,29","321,29","-","-0,48%"
"17.12.2019","322,85","322,85","322,85","322,85","-","0,17%"
"16.12.2019","322,30","322,30","322,30","322,30","-","-0,10%"
"13.12.2019","322,61","322,61","322,61","322,61","-","0,53%"
"12.12.2019","320,91","320,91","320,91","320,91","-","-0,24%"
"11.12.2019","321,69","321,69","321,69","321,69","-","0,33%"
"10.12.2019","320,64","320,64","320,64","320,64","-","0,23%"
"09.12.2019","319,91","319,91","319,91","319,91","-","0,56%"
"06.12.2019","318,14","318,14","318,14","318,14","-","0,22%"
"05.12.2019","317,43","317,43","317,43","317,43","-","-0,75%"
"04.12.2019","319,84","319,84","319,84","319,84","-","0,13%"
"03.12.2019","319,42","319,42","319,42","319,42","-","0,39%"
"02.12.2019","318,17","318,17","318,17","318,17","-","-0,90%"
"29.11.2019","321,05","321,05","321,05","321,05","-","0,04%"
"28.11.2019","320,92","320,92","320,92","320,92","-","-0,07%"
"27.11.2019","321,14","321,14","321,14","321,14","-","-0,50%"
"26.11.2019","322,77","322,77","322,77","322,77","-","-0,17%"
"25.11.2019","323,32","323,32","323,32","323,32","-","0,24%"
"22.11.2019","322,54","322,54","322,54","322,54","-","-0,10%"
"21.11.2019","322,86","322,86","322,86","322,86","-","0,23%"
"20.11.2019","322,11","322,11","322,11","322,11","-","0,29%"
"19.11.2019","321,17","321,17","321,17","321,17","-","-0,25%"
"18.11.2019","321,99","321,99","321,99","321,99","-","0,21%"
"15.11.2019","321,33","321,33","321,33","321,33","-","0,59%"
"14.11.2019","319,43","319,43","319,43","319,43","-","-0,54%"
"13.11.2019","321,15","321,15","321,15","321,15","-","-0,13%"
"12.11.2019","321,57","321,57","321,57","321,57","-","0,32%"
"11.11.2019","320,54","320,54","320,54","320,54","-","-0,57%"
"08.11.2019","322,37","322,37","322,37","322,37","-","-0,42%"
"07.11.2019","323,72","323,72","323,72","323,72","-","-0,83%"
"06.11.2019","326,44","326,44","326,44","326,44","-","-0,09%"
"05.11.2019","326,73","326,73","326,73","326,73","-","-0,20%"
"04.11.2019","327,37","327,37","327,37","327,37","-","-0,01%"
"01.11.2019","327,39","327,39","327,39","327,39","-","-0,48%"
"31.10.2019","328,97","328,97","328,97","328,97","-","0,54%"
"30.10.2019","327,19","327,19","327,19","327,19","-","-0,13%"
"29.10.2019","327,61","327,61","327,61","327,61","-","0,12%"
"28.10.2019","327,23","327,23","327,23","327,23","-","-0,42%"
"25.10.2019","328,60","328,60","328,60","328,60","-","-0,22%"
"24.10.2019","329,31","329,31","329,31","329,31","-","0,30%"
"23.10.2019","328,33","328,33","328,33","328,33","-","-0,24%"
"22.10.2019","329,11","329,11","329,11","329,11","-","0,54%"
"21.10.2019","327,35","327,35","327,35","327,35","-","-0,48%"
"18.10.2019","328,94","328,94","328,94","328,94","-","-0,22%"
"17.10.2019","329,67","329,67","329,67","329,67","-","0,19%"
"16.10.2019","329,05","329,05","329,05","329,05","-","0,16%"
"15.10.2019","328,54","328,54","328,54","328,54","-","-0,23%"
"14.10.2019","329,29","329,29","329,29","329,29","-","0,23%"
"11.10.2019","328,53","328,53","328,53","328,53","-","0,11%"
"10.10.2019","328,16","328,16","328,16","328,16","-","-0,65%"
"09.10.2019","330,32","330,32","330,32","330,32","-","-0,19%"
"08.10.2019","330,95","330,95","330,95","330,95","-","0,06%"
"07.10.2019","330,74","330,74","330,74","330,74","-","-0,19%"
"04.10.2019","331,36","331,36","331,36","331,36","-","-0,03%"
"03.10.2019","331,47","331,47","331,47","331,47","-","0,60%"
"02.10.2019","329,48","329,48","329,48","329,48","-","-0,44%"
"01.10.2019","330,93","330,93","330,93","330,93","-","-0,23%"
"30.09.2019","331,68","331,68","331,68","331,68","-","0,10%"
"27.09.2019","331,34","331,34","331,34","331,34","-","-0,01%"
"26.09.2019","331,36","331,36","331,36","331,36","-","0,05%"
"25.09.2019","331,20","331,20","331,20","331,20","-","-0,05%"
"24.09.2019","331,38","331,38","331,38","331,38","-","0,03%"
"23.09.2019","331,27","331,27","331,27","331,27","-","0,70%"
"20.09.2019","328,98","328,98","328,98","328,98","-","-0,27%"
"19.09.2019","329,88","329,88","329,88","329,88","-","-0,08%"
"18.09.2019","330,14","330,14","330,14","330,14","-","0,40%"
"17.09.2019","328,81","328,81","328,81","328,81","-","-0,59%"
"16.09.2019","330,76","330,76","330,76","330,76","-","0,64%"
"13.09.2019","328,67","328,67","328,67","328,67","-","-0,25%"
"12.09.2019","329,48","329,48","329,48","329,48","-","0,58%"
"11.09.2019","327,58","327,58","327,58","327,58","-","0,46%"
"10.09.2019","326,09","326,09","326,09","326,09","-","-0,53%"
"09.09.2019","327,83","327,83","327,83","327,83","-","-0,59%"
"06.09.2019","329,76","329,76","329,76","329,76","-","0,62%"
"05.09.2019","327,73","327,73","327,73","327,73","-","-1,09%"
"04.09.2019","331,33","331,33","331,33","331,33","-","0,48%"
"03.09.2019","329,75","329,75","329,75","329,75","-","0,72%"
"02.09.2019","327,38","327,38","327,38","327,38","-","0,56%"
"30.08.2019","325,56","325,56","325,56","325,56","-","-0,56%"
"29.08.2019","327,38","327,38","327,38","327,38","-","0,43%"
"28.08.2019","325,98","325,98","325,98","325,98","-","0,87%"
"27.08.2019","323,18","323,18","323,18","323,18","-","1,49%"
"26.08.2019","318,44","318,44","318,44","318,44","-","-0,08%"
"23.08.2019","318,71","318,71","318,71","318,71","-","0,05%"
"22.08.2019","318,56","318,56","318,56","318,56","-","0,15%"
"21.08.2019","318,07","318,07","318,07","318,07","-","0,15%"
"20.08.2019","317,58","317,58","317,58","317,58","-","0,61%"
"19.08.2019","315,65","315,65","315,65","315,65","-","-0,33%"
"16.08.2019","316,69","316,69","316,69","316,69","-","-0,31%"
"15.08.2019","317,66","317,66","317,66","317,66","-","1,60%"
"14.08.2019","312,66","312,66","312,66","312,66","-","0,45%"
"13.08.2019","311,25","311,25","311,25","311,25","-","0,95%"
"12.08.2019","308,32","308,32","308,32","308,32","-","0,68%"
"09.08.2019","306,25","306,25","306,25","306,25","-","-2,28%"
"08.08.2019","313,38","313,38","313,38","313,38","-","-1,09%"
"07.08.2019","316,83","316,83","316,83","316,83","-","0,94%"
"06.08.2019","313,88","313,88","313,88","313,88","-","0,39%"
"05.08.2019","312,67","312,67","312,67","312,67","-","-0,10%"
"02.08.2019","312,98","312,98","312,98","312,98","-","0,19%"
"01.08.2019","312,40","312,40","312,40","312,40","-","-0,16%"
"31.07.2019","312,89","312,89","312,89","312,89","-","0,39%"
"30.07.2019","311,67","311,67","311,67","311,67","-","-0,15%"
"29.07.2019","312,14","312,14","312,14","312,14","-","-0,00%"
"26.07.2019","312,15","312,15","312,15","312,15","-","-0,27%"
"25.07.2019","313,01","313,01","313,01","313,01","-","-0,21%"
"24.07.2019","313,68","313,68","313,68","313,68","-","0,75%"
"23.07.2019","311,33","311,33","311,33","311,33","-","0,48%"
"22.07.2019","309,83","309,83","309,83","309,83","-","-0,46%"
"19.07.2019","311,27","311,27","311,27","311,27","-","-0,41%"
"18.07.2019","312,56","312,56","312,56","312,56","-","0,33%"
"17.07.2019","311,54","311,54","311,54","311,54","-","0,10%"
"16.07.2019","311,22","311,22","311,22","311,22","-","0,34%"
"15.07.2019","310,17","310,17","310,17","310,17","-","0,69%"
"12.07.2019","308,03","308,03","308,03","308,03","-","-0,19%"
"11.07.2019","308,62","308,62","308,62","308,62","-","0,12%"
"10.07.2019","308,26","308,26","308,26","308,26","-","0,12%"
"09.07.2019","307,90","307,90","307,90","307,90","-","0,03%"
"08.07.2019","307,80","307,80","307,80","307,80","-","-0,06%"
"05.07.2019","307,97","307,97","307,97","307,97","-","-0,65%"
"04.07.2019","309,97","309,97","309,97","309,97","-","-0,20%"
"03.07.2019","310,59","310,59","310,59","310,59","-","1,71%"
"02.07.2019","305,38","305,38","305,38","305,38","-","0,52%"
"01.07.2019","303,79","303,79","303,79","303,79","-","1,25%"
"28.06.2019","300,05","300,05","300,05","300,05","-","0,39%"
"27.06.2019","298,88","298,88","298,88","298,88","-","0,14%"
"26.06.2019","298,46","298,46","298,46","298,46","-","0,05%"
"25.06.2019","298,30","298,30","298,30","298,30","-","0,00%"
"24.06.2019","298,29","298,29","298,29","298,29","-","0,12%"
"21.06.2019","297,92","297,92","297,92","297,92","-","-0,26%"
"20.06.2019","298,70","298,70","298,70","298,70","-","-0,11%"
"19.06.2019","299,04","299,04","299,04","299,04","-","-0,01%"
"18.06.2019","299,08","299,08","299,08","299,08","-","1,43%"
"17.06.2019","294,86","294,86","294,86","294,86","-","0,22%"
"14.06.2019","294,20","294,20","294,20","294,20","-","0,42%"
"13.06.2019","292,96","292,96","292,96","292,96","-","0,39%"
"12.06.2019","291,82","291,82","291,82","291,82","-","-0,75%"
"11.06.2019","294,04","294,04","294,04","294,04","-","0,31%"
"10.06.2019","293,14","293,14","293,14","293,14","-","0,05%"
"07.06.2019","292,98","292,98","292,98","292,98","-","1,10%"
"06.06.2019","289,79","289,79","289,79","289,79","-","0,07%"
"05.06.2019","289,59","289,59","289,59","289,59","-","0,10%"
"04.06.2019","289,30","289,30","289,30","289,30","-","0,35%"
"03.06.2019","288,29","288,29","288,29","288,29","-","0,67%"
"31.05.2019","286,38","286,38","286,38","286,38","-","-0,05%"
"30.05.2019","286,51","286,51","286,51","286,51","-","-0,08%"
"29.05.2019","286,73","286,73","286,73","286,73","-","0,42%"
"28.05.2019","285,52","285,52","285,52","285,52","-","-0,20%"
"27.05.2019","286,10","286,10","286,10","286,10","-","-0,89%"
"24.05.2019","288,66","288,66","288,66","288,66","-","0,76%"
"23.05.2019","286,49","286,49","286,49","286,49","-","-0,03%"
"22.05.2019","286,59","286,59","286,59","286,59","-","0,10%"
"21.05.2019","286,31","286,31","286,31","286,31","-","0,38%"
"20.05.2019","285,23","285,23","285,23","285,23","-","-0,19%"
"17.05.2019","285,77","285,77","285,77","285,77","-","0,10%"
"16.05.2019","285,48","285,48","285,48","285,48","-","0,36%"
"15.05.2019","284,45","284,45","284,45","284,45","-","-0,04%"
"14.05.2019","284,57","284,57","284,57","284,57","-","-0,23%"
"13.05.2019","285,24","285,24","285,24","285,24","-","-0,11%"
"10.05.2019","285,54","285,54","285,54","285,54","-","-0,13%"
"09.05.2019","285,90","285,90","285,90","285,90","-","-0,42%"
"08.05.2019","287,11","287,11","287,11","287,11","-","-0,18%"
"07.05.2019","287,63","287,63","287,63","287,63","-","-0,10%"
"06.05.2019","287,91","287,91","287,91","287,91","-","-0,17%"
"03.05.2019","288,40","288,40","288,40","288,40","-","-0,05%"
"02.05.2019","288,54","288,54","288,54","288,54","-","0,22%"
"30.04.2019","287,91","287,91","287,91","287,91","-","0,09%"
"29.04.2019","287,65","287,65","287,65","287,65","-","0,08%"
"26.04.2019","287,43","287,43","287,43","287,43","-","0,82%"
"25.04.2019","285,08","285,08","285,08","285,08","-","-0,48%"
"24.04.2019","286,46","286,46","286,46","286,46","-","0,47%"
"23.04.2019","285,11","285,11","285,11","285,11","-","-0,75%"
"18.04.2019","287,27","287,27","287,27","287,27","-","0,22%"
"17.04.2019","286,65","286,65","286,65","286,65","-","-0,16%"
"16.04.2019","287,10","287,10","287,10","287,10","-","-0,26%"
"15.04.2019","287,84","287,84","287,84","287,84","-","-0,22%"
"12.04.2019","288,48","288,48","288,48","288,48","-","-0,16%"
"11.04.2019","288,94","288,94","288,94","288,94","-","0,38%"
"10.04.2019","287,86","287,86","287,86","287,86","-","0,19%"
"09.04.2019","287,30","287,30","287,30","287,30","-","0,38%"
"08.04.2019","286,21","286,21","286,21","286,21","-","-0,09%"
"05.04.2019","286,46","286,46","286,46","286,46","-","0,24%"
"04.04.2019","285,76","285,76","285,76","285,76","-","0,33%"
"03.04.2019","284,83","284,83","284,83","284,83","-","-0,15%"
"02.04.2019","285,27","285,27","285,27","285,27","-","-0,13%"
"01.04.2019","285,65","285,65","285,65","285,65","-","-0,14%"
"29.03.2019","286,04","286,04","286,04","286,04","-","-0,13%"
"28.03.2019","286,41","286,41","286,41","286,41","-","-0,22%"
"27.03.2019","287,04","287,04","287,04","287,04","-","0,20%"
"26.03.2019","286,48","286,48","286,48","286,48","-","0,21%"
"25.03.2019","285,88","285,88","285,88","285,88","-","-0,25%"
"22.03.2019","286,59","286,59","286,59","286,59","-","-0,10%"
"21.03.2019","286,88","286,88","286,88","286,88","-","0,50%"
"20.03.2019","285,46","285,46","285,46","285,46","-","-0,17%"
"19.03.2019","285,95","285,95","285,95","285,95","-","-0,45%"
"18.03.2019","287,25","287,25","287,25","287,25","-","0,63%"
"15.03.2019","285,46","285,46","285,46","285,46","-","-0,05%"
"14.03.2019","285,59","285,59","285,59","285,59","-","0,57%"
"13.03.2019","283,97","283,97","283,97","283,97","-","-0,19%"
"12.03.2019","284,51","284,51","284,51","284,51","-","0,12%"
"11.03.2019","284,17","284,17","284,17","284,17","-","-0,42%"
"08.03.2019","285,38","285,38","285,38","285,38","-","-0,03%"
"07.03.2019","285,47","285,47","285,47","285,47","-","0,95%"
"06.03.2019","282,77","282,77","282,77","282,77","-","0,64%"
"05.03.2019","280,98","280,98","280,98","280,98","-","0,25%"
"04.03.2019","280,28","280,28","280,28","280,28","-","0,11%"
"01.03.2019","279,96","279,96","279,96","279,96","-","0,16%"
"28.02.2019","279,52","279,52","279,52","279,52","-","0,36%"
"27.02.2019","278,51","278,51","278,51","278,51","-","-0,72%"
"26.02.2019","280,54","280,54","280,54","280,54","-","0,42%"
"25.02.2019","279,36","279,36","279,36","279,36","-","0,75%"
"22.02.2019","277,27","277,27","277,27","277,27","-","-0,19%"
"21.02.2019","277,81","277,81","277,81","277,81","-","0,16%"
"20.02.2019","277,38","277,38","277,38","277,38","-","-0,61%"
"19.02.2019","279,09","279,09","279,09","279,09","-","-0,15%"
"18.02.2019","279,52","279,52","279,52","279,52","-","0,31%"
"15.02.2019","278,66","278,66","278,66","278,66","-","-0,11%"
"14.02.2019","278,97","278,97","278,97","278,97","-","0,02%"
"13.02.2019","278,92","278,92","278,92","278,92","-","0,41%"
"12.02.2019","277,78","277,78","277,78","277,78","-","0,46%"
"11.02.2019","276,51","276,51","276,51","276,51","-","0,73%"
"08.02.2019","274,51","274,51","274,51","274,51","-","-0,32%"
"07.02.2019","275,39","275,39","275,39","275,39","-","-0,87%"
"06.02.2019","277,81","277,81","277,81","277,81","-","-0,34%"
"05.02.2019","278,75","278,75","278,75","278,75","-","-0,38%"
"04.02.2019","279,80","279,80","279,80","279,80","-","-0,18%"
"01.02.2019","280,31","280,31","280,31","280,31","-","-1,14%"
"31.01.2019","283,53","283,53","283,53","283,53","-","0,14%"
"30.01.2019","283,12","283,12","283,12","283,12","-","0,20%"
"29.01.2019","282,56","282,56","282,56","282,56","-","0,34%"
"28.01.2019","281,60","281,60","281,60","281,60","-","-0,21%"
"25.01.2019","282,18","282,18","282,18","282,18","-","0,17%"
"24.01.2019","281,69","281,69","281,69","281,69","-","0,65%"
"23.01.2019","279,87","279,87","279,87","279,87","-","-0,03%"
"22.01.2019","279,96","279,96","279,96","279,96","-","0,19%"
"21.01.2019","279,43","279,43","279,43","279,43","-","-0,18%"
"18.01.2019","279,92","279,92","279,92","279,92","-","0,40%"
"17.01.2019","278,80","278,80","278,80","278,80","-","-0,11%"
"16.01.2019","279,12","279,12","279,12","279,12","-","0,93%"
"15.01.2019","276,55","276,55","276,55","276,55","-","-0,29%"
"14.01.2019","277,36","277,36","277,36","277,36","-","0,21%"
"11.01.2019","276,77","276,77","276,77","276,77","-","0,34%"
"10.01.2019","275,83","275,83","275,83","275,83","-","0,02%"
"09.01.2019","275,78","275,78","275,78","275,78","-","0,46%"
"08.01.2019","274,51","274,51","274,51","274,51","-","-0,46%"
"07.01.2019","275,79","275,79","275,79","275,79","-","-0,13%"
"04.01.2019","276,16","276,16","276,16","276,16","-","-0,00%"
"03.01.2019","276,17","276,17","276,17","276,17","-","-1,42%"
"02.01.2019","280,16","280,16","280,16","280,16","-","0,64%"
"28.12.2018","278,37","278,37","278,37","278,37","-","-0,19%"
"27.12.2018","278,89","278,89","278,89","278,89","-","0,57%"
"21.12.2018","277,32","277,32","277,32","277,32","-","-0,69%"
"20.12.2018","279,24","279,24","279,24","279,24","-","0,56%"
"19.12.2018","277,68","277,68","277,68","277,68","-","1,24%"
"18.12.2018","274,28","274,28","274,28","274,28","-","0,05%"
"17.12.2018","274,14","274,14","274,14","274,14","-","-0,03%"
"14.12.2018","274,23","274,23","274,23","274,23","-","0,09%"
"13.12.2018","273,98","273,98","273,98","273,98","-","0,47%"
"12.12.2018","272,69","272,69","272,69","272,69","-","0,90%"
"11.12.2018","270,27","270,27","270,27","270,27","-","-0,08%"
"10.12.2018","270,48","270,48","270,48","270,48","-","0,31%"
"07.12.2018","269,64","269,64","269,64","269,64","-","0,46%"
"06.12.2018","268,40","268,40","268,40","268,40","-","-0,89%"
"05.12.2018","270,82","270,82","270,82","270,82","-","0,65%"
"04.12.2018","269,08","269,08","269,08","269,08","-","-0,10%"
"03.12.2018","269,36","269,36","269,36","269,36","-","0,71%"
"30.11.2018","267,45","267,45","267,45","267,45","-","-0,16%"
"29.11.2018","267,87","267,87","267,87","267,87","-","0,56%"
"28.11.2018","266,39","266,39","266,39","266,39","-","0,16%"
"27.11.2018","265,97","265,97","265,97","265,97","-","-0,09%"
"26.11.2018","266,22","266,22","266,22","266,22","-","1,08%"
"23.11.2018","263,37","263,37","263,37","263,37","-","0,21%"
"22.11.2018","262,82","262,82","262,82","262,82","-","0,47%"
"21.11.2018","261,58","261,58","261,58","261,58","-","0,96%"
"20.11.2018","259,09","259,09","259,09","259,09","-","-0,17%"
"19.11.2018","259,54","259,54","259,54","259,54","-","-0,70%"
"16.11.2018","261,36","261,36","261,36","261,36","-","-0,05%"
"15.11.2018","261,50","261,50","261,50","261,50","-","0,07%"
"14.11.2018","261,32","261,32","261,32","261,32","-","-0,47%"
"13.11.2018","262,55","262,55","262,55","262,55","-","0,02%"
"12.11.2018","262,49","262,49","262,49","262,49","-","-0,37%"
"09.11.2018","263,46","263,46","263,46","263,46","-","-0,04%"
"08.11.2018","263,56","263,56","263,56","263,56","-","-0,44%"
"07.11.2018","264,72","264,72","264,72","264,72","-","0,54%"
"06.11.2018","263,31","263,31","263,31","263,31","-","-0,74%"
"05.11.2018","265,27","265,27","265,27","265,27","-","0,12%"
"02.11.2018","264,96","264,96","264,96","264,96","-","0,46%"
"01.11.2018","263,75","263,75","263,75","263,75","-","0,37%"
"31.10.2018","262,77","262,77","262,77","262,77","-","0,41%"
"30.10.2018","261,69","261,69","261,69","261,69","-","-1,20%"
"29.10.2018","264,87","264,87","264,87","264,87","-","1,18%"
"26.10.2018","261,77","261,77","261,77","261,77","-","0,37%"
"25.10.2018","260,81","260,81","260,81","260,81","-","0,99%"
"24.10.2018","258,25","258,25","258,25","258,25","-","-0,49%"
"23.10.2018","259,51","259,51","259,51","259,51","-","-0,56%"
"22.10.2018","260,97","260,97","260,97","260,97","-","0,67%"
"19.10.2018","259,24","259,24","259,24","259,24","-","0,80%"
"18.10.2018","257,18","257,18","257,18","257,18","-","-1,01%"
"17.10.2018","259,81","259,81","259,81","259,81","-","-0,71%"
"16.10.2018","261,67","261,67","261,67","261,67","-","0,82%"
"15.10.2018","259,54","259,54","259,54","259,54","-","0,09%"
"12.10.2018","259,31","259,31","259,31","259,31","-","0,07%"
"11.10.2018","259,12","259,12","259,12","259,12","-","-0,46%"
"10.10.2018","260,32","260,32","260,32","260,32","-","0,34%"
"09.10.2018","259,43","259,43","259,43","259,43","-","0,13%"
"08.10.2018","259,09","259,09","259,09","259,09","-","-1,14%"
"05.10.2018","262,09","262,09","262,09","262,09","-","-0,98%"
"04.10.2018","264,68","264,68","264,68","264,68","-","0,05%"
"03.10.2018","264,56","264,56","264,56","264,56","-","0,80%"
"02.10.2018","262,46","262,46","262,46","262,46","-","-1,14%"
"01.10.2018","265,48","265,48","265,48","265,48","-","-0,91%"
"28.09.2018","267,93","267,93","267,93","267,93","-","-2,29%"
"27.09.2018","274,21","274,21","274,21","274,21","-","-0,45%"
"26.09.2018","275,44","275,44","275,44","275,44","-","0,47%"
"25.09.2018","274,15","274,15","274,15","274,15","-","0,50%"
"24.09.2018","272,78","272,78","272,78","272,78","-","-0,97%"
"21.09.2018","275,44","275,44","275,44","275,44","-","0,45%"
"20.09.2018","274,21","274,21","274,21","274,21","-","-0,14%"
"19.09.2018","274,60","274,60","274,60","274,60","-","-0,56%"
"18.09.2018","276,16","276,16","276,16","276,16","-","0,65%"
"17.09.2018","274,39","274,39","274,39","274,39","-","1,00%"
"14.09.2018","271,67","271,67","271,67","271,67","-","-0,21%"
"13.09.2018","272,23","272,23","272,23","272,23","-","0,10%"
"12.09.2018","271,96","271,96","271,96","271,96","-","-0,21%"
"11.09.2018","272,53","272,53","272,53","272,53","-","-0,15%"
"10.09.2018","272,93","272,93","272,93","272,93","-","1,06%"
"07.09.2018","270,08","270,08","270,08","270,08","-","0,18%"
"06.09.2018","269,60","269,60","269,60","269,60","-","0,35%"
"05.09.2018","268,66","268,66","268,66","268,66","-","0,88%"
"04.09.2018","266,31","266,31","266,31","266,31","-","1,19%"
"03.09.2018","263,18","263,18","263,18","263,18","-","0,45%"
"31.08.2018","262,01","262,01","262,01","262,01","-","-0,31%"
"30.08.2018","262,83","262,83","262,83","262,83","-","-0,59%"
"29.08.2018","264,39","264,39","264,39","264,39","-","0,43%"
"28.08.2018","263,26","263,26","263,26","263,26","-","-0,16%"
"27.08.2018","263,67","263,67","263,67","263,67","-","-0,24%"
"24.08.2018","264,31","264,31","264,31","264,31","-","-0,31%"
"23.08.2018","265,12","265,12","265,12","265,12","-","-0,34%"
"22.08.2018","266,03","266,03","266,03","266,03","-","-0,66%"
"21.08.2018","267,80","267,80","267,80","267,80","-","0,81%"
"20.08.2018","265,66","265,66","265,66","265,66","-","0,62%"
"17.08.2018","264,02","264,02","264,02","264,02","-","-0,13%"
"16.08.2018","264,37","264,37","264,37","264,37","-","0,72%"
"15.08.2018","262,47","262,47","262,47","262,47","-","-1,22%"
"14.08.2018","265,71","265,71","265,71","265,71","-","0,14%"
"13.08.2018","265,33","265,33","265,33","265,33","-","-0,78%"
"10.08.2018","267,41","267,41","267,41","267,41","-","-0,78%"
"09.08.2018","269,51","269,51","269,51","269,51","-","-0,11%"
"08.08.2018","269,82","269,82","269,82","269,82","-","0,10%"
"07.08.2018","269,54","269,54","269,54","269,54","-","0,09%"
"06.08.2018","269,30","269,30","269,30","269,30","-","0,37%"
"03.08.2018","268,30","268,30","268,30","268,30","-","-0,36%"
"02.08.2018","269,28","269,28","269,28","269,28","-","-1,02%"
"01.08.2018","272,05","272,05","272,05","272,05","-","-0,37%"
"31.07.2018","273,05","273,05","273,05","273,05","-","0,46%"
"30.07.2018","271,80","271,80","271,80","271,80","-","-0,40%"
"27.07.2018","272,89","272,89","272,89","272,89","-","-0,33%"
"26.07.2018","273,78","273,78","273,78","273,78","-","-0,25%"
"25.07.2018","274,46","274,46","274,46","274,46","-","-0,03%"
"24.07.2018","274,54","274,54","274,54","274,54","-","-0,06%"
"23.07.2018","274,71","274,71","274,71","274,71","-","-0,50%"
"20.07.2018","276,10","276,10","276,10","276,10","-","-0,67%"
"19.07.2018","277,95","277,95","277,95","277,95","-","0,16%"
"18.07.2018","277,51","277,51","277,51","277,51","-","-0,36%"
"17.07.2018","278,51","278,51","278,51","278,51","-","0,91%"
"16.07.2018","275,99","275,99","275,99","275,99","-","-0,09%"
"13.07.2018","276,23","276,23","276,23","276,23","-","0,65%"
"12.07.2018","274,45","274,45","274,45","274,45","-","0,26%"
"11.07.2018","273,75","273,75","273,75","273,75","-","-0,05%"
"10.07.2018","273,89","273,89","273,89","273,89","-","0,00%"
"09.07.2018","273,89","273,89","273,89","273,89","-","0,37%"
"06.07.2018","272,87","272,87","272,87","272,87","-","-0,14%"
"05.07.2018","273,26","273,26","273,26","273,26","-","-0,62%"
"04.07.2018","274,96","274,96","274,96","274,96","-","0,09%"
"03.07.2018","274,71","274,71","274,71","274,71","-","-0,04%"
"02.07.2018","274,81","274,81","274,81","274,81","-","0,35%"
"29.06.2018","273,85","273,85","273,85","273,85","-","0,91%"
"28.06.2018","271,38","271,38","271,38","271,38","-","0,31%"
"27.06.2018","270,53","270,53","270,53","270,53","-","0,70%"
"26.06.2018","268,66","268,66","268,66","268,66","-","-0,68%"
"25.06.2018","270,50","270,50","270,50","270,50","-","-0,82%"
"22.06.2018","272,75","272,75","272,75","272,75","-","0,34%"
"21.06.2018","271,82","271,82","271,82","271,82","-","-1,47%"
"20.06.2018","275,87","275,87","275,87","275,87","-","0,02%"
"19.06.2018","275,82","275,82","275,82","275,82","-","-0,01%"
"18.06.2018","275,85","275,85","275,85","275,85","-","0,42%"
"15.06.2018","274,70","274,70","274,70","274,70","-","1,30%"
"14.06.2018","271,17","271,17","271,17","271,17","-","0,63%"
"13.06.2018","269,47","269,47","269,47","269,47","-","0,39%"
"12.06.2018","268,43","268,43","268,43","268,43","-","-0,30%"
"11.06.2018","269,23","269,23","269,23","269,23","-","2,27%"
"08.06.2018","263,25","263,25","263,25","263,25","-","-1,19%"
"07.06.2018","266,41","266,41","266,41","266,41","-","-0,39%"
"06.06.2018","267,45","267,45","267,45","267,45","-","-1,74%"
"05.06.2018","272,18","272,18","272,18","272,18","-","-1,14%"
"04.06.2018","275,33","275,33","275,33","275,33","-","0,69%"
"01.06.2018","273,45","273,45","273,45","273,45","-","2,01%"
"31.05.2018","268,07","268,07","268,07","268,07","-","1,39%"
"30.05.2018","264,39","264,39","264,39","264,39","-","-5,03%"
"29.05.2018","278,38","278,38","278,38","278,38","-","1,31%"
"28.05.2018","274,78","274,78","274,78","274,78","-","-0,94%"
"25.05.2018","277,40","277,40","277,40","277,40","-","-0,81%"
"24.05.2018","279,67","279,67","279,67","279,67","-","0,24%"
"23.05.2018","278,99","278,99","278,99","278,99","-","-0,69%"
"22.05.2018","280,93","280,93","280,93","280,93","-","0,37%"
"21.05.2018","279,90","279,90","279,90","279,90","-","-1,33%"
"18.05.2018","283,67","283,67","283,67","283,67","-","-0,79%"
"17.05.2018","285,92","285,92","285,92","285,92","-","-0,21%"
"16.05.2018","286,52","286,52","286,52","286,52","-","-1,43%"
"15.05.2018","290,69","290,69","290,69","290,69","-","-0,26%"
"14.05.2018","291,44","291,44","291,44","291,44","-","-0,24%"
"11.05.2018","292,14","292,14","292,14","292,14","-","0,41%"
"10.05.2018","290,96","290,96","290,96","290,96","-","-0,43%"
"09.05.2018","292,22","292,22","292,22","292,22","-","-0,03%"
"08.05.2018","292,31","292,31","292,31","292,31","-","-0,98%"
"07.05.2018","295,20","295,20","295,20","295,20","-","0,35%"
"04.05.2018","294,17","294,17","294,17","294,17","-","-0,50%"
"03.05.2018","295,64","295,64","295,64","295,64","-","0,31%"
"02.05.2018","294,73","294,73","294,73","294,73","-","0,03%"
"30.04.2018","294,64","294,64","294,64","294,64","-","-0,35%"
"27.04.2018","295,67","295,67","295,67","295,67","-","0,09%"
"26.04.2018","295,41","295,41","295,41","295,41","-","0,26%"
"25.04.2018","294,64","294,64","294,64","294,64","-","-0,06%"
"24.04.2018","294,81","294,81","294,81","294,81","-","0,16%"
"23.04.2018","294,35","294,35","294,35","294,35","-","-0,08%"
"20.04.2018","294,59","294,59","294,59","294,59","-","-0,04%"
"19.04.2018","294,70","294,70","294,70","294,70","-","-0,40%"
"18.04.2018","295,89","295,89","295,89","295,89","-","0,29%"
"17.04.2018","295,04","295,04","295,04","295,04","-","0,40%"
"16.04.2018","293,86","293,86","293,86","293,86","-","-0,04%"
"13.04.2018","293,99","293,99","293,99","293,99","-","0,15%"
"12.04.2018","293,56","293,56","293,56","293,56","-","-0,23%"
"11.04.2018","294,23","294,23","294,23","294,23","-","0,12%"
"10.04.2018","293,89","293,89","293,89","293,89","-","-0,22%"
"09.04.2018","294,54","294,54","294,54","294,54","-","0,12%"
"06.04.2018","294,18","294,18","294,18","294,18","-","-0,05%"
"05.04.2018","294,33","294,33","294,33","294,33","-","-0,24%"
"04.04.2018","295,04","295,04","295,04","295,04","-","0,41%"
"03.04.2018","293,84","293,84","293,84","293,84","-","-0,08%"
"29.03.2018","294,07","294,07","294,07","294,07","-","0,46%"
"28.03.2018","292,72","292,72","292,72","292,72","-","0,23%"
"27.03.2018","292,05","292,05","292,05","292,05","-","0,43%"
"26.03.2018","290,79","290,79","290,79","290,79","-","-0,34%"
"23.03.2018","291,79","291,79","291,79","291,79","-","0,06%"
"22.03.2018","291,62","291,62","291,62","291,62","-","0,44%"
"21.03.2018","290,35","290,35","290,35","290,35","-","-0,21%"
"20.03.2018","290,96","290,96","290,96","290,96","-","0,46%"
"19.03.2018","289,63","289,63","289,63","289,63","-","0,15%"
"16.03.2018","289,19","289,19","289,19","289,19","-","-0,01%"
"15.03.2018","289,22","289,22","289,22","289,22","-","0,24%"
"14.03.2018","288,53","288,53","288,53","288,53","-","-0,14%"
"13.03.2018","288,93","288,93","288,93","288,93","-","0,08%"
"12.03.2018","288,71","288,71","288,71","288,71","-","-0,01%"
"09.03.2018","288,74","288,74","288,74","288,74","-","-0,14%"
"08.03.2018","289,14","289,14","289,14","289,14","-","0,56%"
"07.03.2018","287,53","287,53","287,53","287,53","-","0,29%"
"06.03.2018","286,69","286,69","286,69","286,69","-","0,08%"
"05.03.2018","286,46","286,46","286,46","286,46","-","-0,48%"
"02.03.2018","287,84","287,84","287,84","287,84","-","-0,00%"
"01.03.2018","287,85","287,85","287,85","287,85","-","0,32%"
"28.02.2018","286,94","286,94","286,94","286,94","-","0,17%"
"27.02.2018","286,46","286,46","286,46","286,46","-","0,15%"
"26.02.2018","286,02","286,02","286,02","286,02","-","0,34%"
"23.02.2018","285,06","285,06","285,06","285,06","-","0,12%"
"22.02.2018","284,71","284,71","284,71","284,71","-","-0,18%"
"21.02.2018","285,23","285,23","285,23","285,23","-","0,09%"
"20.02.2018","284,98","284,98","284,98","284,98","-","-0,07%"
"19.02.2018","285,19","285,19","285,19","285,19","-","-0,46%"
"16.02.2018","286,52","286,52","286,52","286,52","-","0,53%"
"15.02.2018","285,00","285,00","285,00","285,00","-","0,01%"